Date,USA_ADP,USA_BC,USA_BI,USA_BOT,USA_CCPI,USA_CCR,USA_CF,USA_CFNAI,USA_CHJC,USA_CINF,USA_CP,USA_CPI,USA_CPIC,USA_CPICM,USA_CU,USA_DFMI,USA_DUR,USA_DURET,USA_EARN,USA_EMPST,USA_EXPX,USA_EXVOL,USA_FBI,USA_FRET,USA_GBVL,USA_GPAY,USA_HI,USA_HRS,USA_IMPX,USA_IMVOL,USA_IP,USA_IPMOM,USA_JBO,USA_LEI,USA_LFPR,USA_MP,USA_MPAY,USA_NAHB,USA_NFIB,USA_NFP,USA_NLTTF,USA_NMPMI,USA_NPP,USA_PFED,USA_PHS,USA_PP,USA_PPIC,USA_RFMI,USA_RSEA,USA_RSM,USA_RSY,USA_TVS,USA_UNR,USA_WINV
20010101,,48.5000,0.6000,-33224.0000,183.1000,15.6000,59069.0000,-0.4600,44200.0000,2.6000,45.3000,174.2000,3.4000,0.2000,80.3794,,1.7000,-0.9000,,,100.3000,91511.0000,-2989.0000,-1.8000,-23690.0000,17.0000,0.6000,,101.2000,124734.0000,2.1000,0.0000,,134.9338,66.9000,1.7000,-15.0000,57.0000,99.6000,228.0000,43865.0000,56.1000,211.0000,-7.8000,,,3.7800,-6.0000,0.2000,-0.4000,4.2000,16.3300,3.9000,0.7000
20010131,,43.9000,0.6000,-32607.0000,183.3000,16.4000,54092.0000,-0.4400,133700.0000,2.6000,42.5000,174.6000,3.4000,0.2000,79.9019,,-0.4000,-0.5000,,,100.1000,91388.0000,-14106.0000,-0.2000,32666.0000,44.0000,0.6000,,100.5000,123996.0000,1.1000,-0.3000,,135.0185,67.0000,0.5000,-21.0000,52.0000,96.7000,142.0000,45505.0000,54.0000,98.0000,-36.6000,,,3.5600,-11.0000,0.4000,-0.1000,2.2000,15.6500,3.9000,0.7000
20010228,,42.3000,-0.1000,-33454.0000,183.9000,16.0000,-2706.0000,-1.1700,142208.0000,2.6000,41.6000,175.6000,3.7000,0.6000,79.1132,,-6.2000,-2.7000,,,100.3000,90431.0000,-9789.0000,0.1000,76379.0000,31.0000,0.6000,,100.5000,123885.0000,0.4000,-0.7000,4736.0000,135.0731,67.2000,-0.2000,-77.0000,58.0000,96.5000,-25.0000,25121.0000,51.6000,-56.0000,-29.4000,,,4.8300,-12.0000,0.4000,1.2000,4.0000,17.3200,4.2000,0.0000
20010402,,42.1000,0.2000,-34817.0000,184.4000,12.9000,43204.0000,-0.9400,101731.0000,2.7000,35.1000,176.0000,3.5000,0.2000,78.3811,,1.8000,-0.2000,,,100.2000,90331.0000,-8627.0000,-1.5000,-48168.0000,71.0000,0.7000,,99.9000,125148.0000,-0.5000,-0.6000,5385.0000,135.1173,67.1000,-1.0000,-76.0000,60.0000,98.4000,72.0000,37367.0000,51.3000,1.0000,-20.8000,,,3.9700,-30.0000,-0.2000,0.0000,2.5000,17.5000,4.2000,-0.1000
20010430,,43.1000,-0.6000,-29349.0000,184.7000,18.9000,69155.0000,-1.0700,162867.0000,2.7000,39.4000,176.1000,2.9000,0.1000,77.9511,,1.1000,-4.4000,,,100.0000,90181.0000,7214.0000,0.0000,-50662.0000,39.0000,0.7000,,98.3000,119530.0000,-1.1000,-0.2000,4658.0000,135.1500,67.2000,-1.9000,-90.0000,59.0000,97.8000,-27.0000,53481.0000,50.7000,-66.0000,-10.8000,,,3.0000,-18.0000,-0.9000,-0.8000,0.5000,16.9300,4.3000,0.1000
20010531,-207.0000,42.7000,-0.5000,-32732.0000,185.1000,11.8000,-42252.0000,-1.4100,165564.0000,2.6000,37.6000,176.4000,3.3000,0.2000,77.5207,,-5.7000,-3.8000,,,99.9000,88454.0000,4897.0000,-3.3000,189796.0000,47.0000,0.5000,,97.8000,121186.0000,-2.1000,-0.2000,4563.0000,135.1642,66.9000,-2.9000,-136.0000,58.0000,98.4000,-280.0000,47543.0000,48.3000,-327.0000,-11.8000,,,3.7300,-19.0000,1.5000,1.6000,3.6000,16.5900,4.4000,0.0000
20010702,-186.0000,41.3000,-0.1000,-31217.0000,185.3000,12.6000,41240.0000,-0.9000,80140.0000,2.5000,41.4000,177.3000,3.6000,0.5000,76.7598,,3.4000,4.4000,,,99.6000,86748.0000,-13711.0000,-2.2000,-27919.0000,37.0000,0.6000,,98.0000,117966.0000,-2.9000,-0.7000,4901.0000,135.1581,66.7000,-3.5000,-141.0000,59.0000,99.5000,-39.0000,31156.0000,49.0000,-76.0000,-7.0000,,,3.9300,-23.0000,0.3000,0.3000,3.7000,16.5600,4.3000,0.5000
20010731,-172.0000,43.2000,-0.2000,-27446.0000,186.0000,8.1000,50631.0000,-1.5300,124852.0000,2.7000,39.3000,177.7000,3.2000,0.2000,76.0661,,-0.8000,-0.8000,,-13.2900,99.4000,87256.0000,3076.0000,2.7000,31862.0000,108.0000,0.4000,,97.6000,114702.0000,-3.6000,-0.6000,4550.0000,135.1402,66.7000,-4.3000,-146.0000,57.0000,97.2000,-130.0000,55299.0000,50.1000,-238.0000,-12.6000,,,2.6000,-15.0000,-0.4000,-0.4000,2.5000,17.1600,4.5000,0.4000
20010831,-168.0000,43.5000,-0.8000,-29140.0000,186.4000,11.2000,2532.0000,-0.8800,205975.0000,2.7000,43.1000,177.4000,2.7000,-0.2000,75.4812,,-3.5000,-2.7000,,-7.9800,99.0000,85035.0000,-3445.0000,-1.9000,2820.0000,48.0000,0.5000,,96.1000,114175.0000,-4.0000,-0.6000,4280.0000,135.1043,66.8000,-4.8000,-133.0000,59.0000,98.5000,-111.0000,33431.0000,48.1000,-159.0000,-18.1000,,,1.3700,-6.0000,-0.1000,-0.3000,2.5000,16.1800,4.6000,-0.8000
20011001,-219.0000,46.3000,-0.7000,-30081.0000,186.7000,5.0000,55277.0000,-0.9700,140019.0000,2.7000,46.8000,177.4000,2.7000,0.0000,75.1466,,0.2000,0.2000,,-12.4800,98.8000,82833.0000,-11494.0000,-1.0000,-79990.0000,33.0000,0.6000,,96.0000,112914.0000,-3.9000,-0.2000,4499.0000,135.0366,66.5000,-4.6000,-150.0000,55.0000,101.5000,-156.0000,26673.0000,46.9000,-189.0000,-8.2000,,,1.9500,-10.0000,0.8000,0.6000,3.1000,16.0600,4.9000,-1.0000
20011031,-223.0000,46.2000,-0.1000,-28171.0000,187.1000,9.0000,58483.0000,-1.4800,248332.0000,2.6000,45.2000,178.1000,2.6000,0.4000,74.7271,,-3.7000,-3.0000,,-14.7300,99.0000,83787.0000,4836.0000,1.3000,35501.0000,24.0000,0.5000,,95.9000,111958.0000,-4.6000,-0.3000,4134.0000,134.9515,66.8000,-5.2000,-115.0000,46.0000,96.3000,-241.0000,45716.0000,49.5000,-265.0000,-23.6000,,,1.5800,-15.0000,-1.4000,-1.9000,-0.5000,16.1000,5.0000,-0.3000
20011130,-414.0000,40.8000,-0.5000,-31141.0000,187.4000,7.9000,-3123.0000,-1.0700,242192.0000,2.6000,43.1000,177.6000,2.1000,-0.3000,74.2226,,4.5000,-2.8000,,-21.5100,98.3000,77367.0000,-1134.0000,-2.7000,-7656.0000,33.0000,0.5000,,93.7000,108508.0000,-4.7000,-0.4000,3975.0000,134.8721,66.7000,-5.5000,-145.0000,48.0000,96.3000,-327.0000,18001.0000,44.8000,-360.0000,-17.7000,,,-0.2900,-24.0000,0.9000,6.7000,6.4000,21.7700,5.3000,-0.2000
20011231,-387.0000,44.1000,-1.6000,-30839.0000,188.1000,15.6000,95814.0000,-1.3100,181412.0000,2.8000,42.0000,177.5000,1.9000,-0.1000,73.6832,,-4.5000,1.8000,,-9.7800,97.8000,77883.0000,15723.0000,-1.5000,-54267.0000,51.0000,0.6000,,92.3000,108722.0000,-5.3000,-0.5000,3605.0000,134.8157,66.7000,-5.6000,-147.0000,55.0000,99.4000,-291.0000,60001.0000,48.2000,-342.0000,-11.0000,,,-1.2100,-16.0000,0.2000,-2.6000,4.0000,17.7900,5.5000,-0.6000
20020131,-259.0000,45.3000,-1.1000,-29737.0000,188.4000,28.0000,72728.0000,-0.5300,161584.0000,2.7000,45.2000,177.4000,1.6000,-0.1000,73.5633,,0.9000,1.0000,,1.4100,97.6000,77999.0000,12362.0000,0.5000,26567.0000,29.0000,0.3000,,91.4000,107735.0000,-4.9000,0.1000,3387.0000,134.7810,66.7000,-4.7000,-114.0000,58.0000,100.4000,-172.0000,58081.0000,49.7000,-201.0000,10.5000,,,-1.6500,2.0000,0.4000,-1.1000,2.9000,16.2000,5.7000,-1.2000
20020228,-134.0000,47.5000,-0.7000,-26839.0000,188.7000,10.0000,-12338.0000,-0.3200,248475.0000,2.6000,50.7000,177.7000,1.1000,0.2000,73.9169,,-1.6000,-4.1000,,13.3000,97.5000,77780.0000,8817.0000,0.6000,43729.0000,22.0000,0.7000,,91.6000,104618.0000,-3.7000,0.6000,3385.0000,134.7870,66.5000,-3.7000,-124.0000,58.0000,100.8000,-135.0000,34489.0000,48.9000,-157.0000,11.0000,4.7000,,-2.6900,5.0000,0.2000,0.0000,1.7000,16.2000,5.7000,-0.6000
20020401,-103.0000,50.7000,-0.1000,-29355.0000,189.1000,-0.4000,8800.0000,-0.3100,128115.0000,2.6000,55.2000,178.0000,1.1000,0.2000,73.8168,,5.3000,1.9000,,13.8000,97.3000,78920.0000,-15278.0000,-2.3000,-76056.0000,13.0000,0.6000,,91.6000,108275.0000,-3.1000,0.0000,3759.0000,134.8362,66.8000,-3.1000,-72.0000,62.0000,100.3000,-136.0000,14683.0000,52.7000,-149.0000,12.3000,-0.7000,,-2.6200,8.0000,0.5000,0.5000,2.2000,16.9300,5.7000,-0.3000
20020430,-53.0000,52.4000,-0.5000,-32287.0000,189.2000,14.5000,47889.0000,-0.1600,102315.0000,2.4000,55.6000,178.5000,1.5000,0.3000,74.3163,,-1.5000,-0.6000,,20.1800,97.6000,78880.0000,8848.0000,0.7000,-64238.0000,41.0000,0.6000,,92.8000,111167.0000,-2.1000,0.8000,3372.0000,134.9257,66.6000,-2.1000,-72.0000,61.0000,103.7000,-21.0000,24598.0000,52.8000,-62.0000,12.6000,1.6000,,-1.5600,12.0000,0.4000,-0.3000,2.8000,16.8300,5.7000,-0.8000
20020531,-68.0000,52.4000,-0.4000,-30825.0000,189.7000,12.8000,81930.0000,-0.0100,112649.0000,2.5000,57.9000,179.3000,1.6000,0.4000,74.5767,,1.5000,3.0000,,12.9300,98.0000,79601.0000,19332.0000,0.5000,67170.0000,12.0000,0.6000,,94.3000,110425.0000,-1.5000,0.4000,3551.0000,135.0460,66.7000,-1.7000,-51.0000,61.0000,102.2000,-78.0000,85301.0000,53.5000,-90.0000,10.1000,4.6000,,-2.1200,4.0000,1.3000,1.6000,2.9000,17.4100,5.9000,0.0000
20020701,-67.0000,53.1000,-0.1000,-33666.0000,190.0000,9.3000,65678.0000,0.0300,84979.0000,2.5000,56.4000,179.5000,1.2000,0.1000,74.8299,,0.9000,1.8000,,8.9100,98.0000,81551.0000,-8834.0000,1.4000,-80631.0000,71.0000,0.6000,,94.4000,115217.0000,-0.4000,0.4000,3472.0000,135.1826,66.7000,-0.4000,-55.0000,61.0000,102.3000,-5.0000,38431.0000,54.8000,-76.0000,20.4000,-2.0000,,-2.8700,1.0000,-0.3000,-1.3000,1.2000,15.8600,5.8000,-0.4000
20020731,-17.0000,53.6000,0.4000,-33921.0000,190.2000,10.7000,89924.0000,0.3900,94766.0000,2.3000,53.4000,179.6000,1.1000,0.1000,75.5096,,-4.0000,-2.6000,,-1.8600,98.0000,81724.0000,10527.0000,1.6000,29070.0000,35.0000,0.7000,,94.1000,115645.0000,1.2000,1.0000,3596.0000,135.3079,66.6000,1.4000,-39.0000,61.0000,102.1000,56.0000,54733.0000,52.5000,21.0000,5.9000,0.7000,,-2.2500,-1.0000,0.1000,0.8000,2.5000,16.4400,5.8000,0.1000
20020902,-41.0000,50.2000,0.2000,-34900.0000,190.5000,12.6000,89665.0000,-0.5900,80966.0000,2.2000,53.8000,180.0000,1.5000,0.2000,75.3177,,5.4000,-0.2000,,8.2500,98.3000,82741.0000,14323.0000,-0.9000,-29159.0000,-5.0000,0.6000,,94.5000,117641.0000,1.5000,-0.2000,3365.0000,135.4367,66.5000,1.5000,-42.0000,55.0000,99.5000,-84.0000,52024.0000,50.4000,-79.0000,-1.3000,2.8000,,-1.2100,-2.0000,0.2000,1.1000,3.9000,17.7600,5.8000,0.3000
20020930,-80.0000,50.3000,0.6000,-33650.0000,191.1000,12.0000,109491.0000,-0.2100,118067.0000,2.4000,51.7000,180.5000,1.8000,0.3000,75.3205,,1.6000,-0.1000,,6.3500,98.5000,83036.0000,24358.0000,-1.1000,-54709.0000,45.0000,0.7000,,94.8000,116686.0000,1.7000,0.0000,3411.0000,135.5702,66.6000,2.2000,-85.0000,63.0000,101.5000,-14.0000,70822.0000,50.9000,-59.0000,4.4000,4.3000,,-1.4900,-7.0000,0.0000,0.7000,4.0000,18.0900,5.7000,0.8000
20021031,-84.0000,50.5000,0.1000,-35743.0000,191.3000,8.3000,57142.0000,-0.3900,70057.0000,2.2000,45.9000,180.8000,1.5000,0.2000,75.4104,,-5.5000,0.2000,,-3.7900,98.8000,83422.0000,4347.0000,1.0000,42388.0000,-43.0000,0.6000,,95.5000,119165.0000,2.2000,0.1000,3490.0000,135.7017,66.7000,2.6000,-52.0000,61.0000,101.0000,-60.0000,42194.0000,52.3000,-17.0000,-7.6000,14.5000,,-1.7700,-4.0000,0.0000,-1.4000,4.5000,16.3500,5.7000,0.3000
20021202,51.0000,49.0000,0.7000,-36519.0000,191.5000,3.2000,46459.0000,-0.6200,176010.0000,2.2000,53.3000,181.2000,2.0000,0.2000,75.1899,,-0.3000,-1.1000,,3.9700,98.7000,82744.0000,21670.0000,1.2000,-54072.0000,13.0000,0.6000,,95.5000,119263.0000,2.3000,-0.3000,3308.0000,135.8263,66.6000,2.8000,-59.0000,62.0000,100.4000,122.0000,41967.0000,51.4000,109.0000,7.4000,3.0000,,0.7200,-3.0000,0.8000,0.4000,-1.7000,15.8700,5.7000,0.4000
20021231,60.0000,48.5000,0.2000,-35171.0000,191.9000,6.5000,32183.0000,-0.0300,157508.0000,2.0000,53.7000,181.5000,2.2000,0.2000,75.6041,,1.9000,0.9000,,2.3800,98.8000,82028.0000,6086.0000,-0.9000,-58883.0000,22.0000,0.7000,,94.6000,117199.0000,3.4000,0.5000,3535.0000,135.9353,66.4000,3.5000,-68.0000,63.0000,101.9000,13.0000,42384.0000,52.9000,-9.0000,7.2000,1.4000,,1.0100,-3.0000,0.7000,0.6000,1.6000,16.1100,5.9000,-0.1000
20030131,-24.0000,51.6000,0.1000,-39624.0000,192.1000,8.0000,65189.0000,-0.9700,92917.0000,1.9000,54.2000,181.8000,2.4000,0.2000,75.2497,,-4.4000,-1.1000,,8.1000,98.6000,83041.0000,21063.0000,0.7000,4719.0000,7.0000,0.6000,,95.2000,122665.0000,2.8000,-0.5000,3415.0000,136.0144,66.3000,2.7000,-80.0000,62.0000,98.5000,-158.0000,69386.0000,52.3000,-165.0000,5.5000,-5.1000,,1.1600,5.0000,0.2000,0.8000,3.6000,17.8900,6.0000,0.1000
20030228,-16.0000,51.3000,0.6000,-43294.0000,192.4000,6.9000,62662.0000,0.4000,132222.0000,1.9000,53.7000,182.6000,2.6000,0.4000,75.7935,,3.6000,0.0000,,-3.5400,98.9000,81017.0000,13479.0000,-0.4000,10633.0000,38.0000,0.7000,,96.9000,124311.0000,2.8000,0.6000,2943.0000,136.0810,66.4000,2.7000,-46.0000,63.0000,99.2000,92.0000,38041.0000,53.3000,54.0000,-1.6000,-0.8000,,2.4700,-12.0000,0.7000,0.5000,4.1000,16.4600,5.8000,0.9000
20030331,-23.0000,48.8000,0.1000,-40740.0000,192.5000,10.5000,-8371.0000,-0.6700,138177.0000,1.7000,49.0000,183.6000,3.0000,0.5000,76.0486,,2.3000,1.9000,,6.4500,99.5000,82110.0000,1772.0000,0.3000,-96663.0000,-2.0000,0.6000,,98.5000,122850.0000,3.1000,0.3000,3824.0000,136.1415,66.4000,2.8000,-85.0000,56.0000,96.1000,-149.0000,44590.0000,52.6000,-147.0000,-3.9000,-6.3000,,3.3400,-12.0000,-0.4000,-1.4000,2.1000,15.8600,5.9000,-0.1000
20030430,-110.0000,46.3000,0.8000,-39363.0000,192.5000,10.8000,112512.0000,-0.4800,85396.0000,1.7000,47.5000,183.9000,3.0000,0.2000,75.9097,,0.1000,-0.8000,,-14.4900,99.7000,82779.0000,-3210.0000,1.7000,-58877.0000,-14.0000,0.6000,,99.1000,122142.0000,2.1000,-0.2000,3381.0000,136.1972,66.3000,2.2000,-60.0000,55.0000,94.7000,-209.0000,24666.0000,49.1000,-195.0000,-6.7000,0.6000,,3.9700,-15.0000,1.4000,1.8000,4.3000,16.2500,5.9000,0.4000
20030602,-3.0000,46.1000,0.0000,-43355.0000,192.5000,7.8000,34396.0000,-1.0300,146399.0000,1.5000,49.8000,183.2000,2.2000,-0.4000,75.3698,,-2.1000,-1.7000,,15.6700,99.6000,82580.0000,26881.0000,0.3000,51066.0000,-15.0000,0.3000,,96.0000,125935.0000,0.9000,-0.7000,3052.0000,136.2671,66.4000,1.1000,-112.0000,59.0000,100.0000,-44.0000,66212.0000,50.1000,-29.0000,-0.6000,2.2000,,2.3800,-15.0000,-0.7000,-0.2000,2.4000,16.4800,6.0000,0.4000
20030630,-70.0000,49.0000,0.0000,-41987.0000,192.9000,12.9000,62785.0000,-0.1700,68623.0000,1.6000,55.0000,182.9000,2.1000,-0.2000,75.4364,,1.0000,1.4000,,25.1300,99.7000,81429.0000,8665.0000,-3.1000,-88867.0000,-28.0000,0.6000,,95.3000,123417.0000,0.5000,0.0000,3340.0000,136.3585,66.4000,0.7000,-52.0000,63.0000,100.1000,-7.0000,58852.0000,52.8000,21.0000,3.7000,6.4000,,2.4500,-2.0000,0.3000,0.3000,4.0000,16.1800,6.1000,0.2000
20030731,23.0000,49.0000,-0.4000,-40779.0000,193.0000,13.4000,93511.0000,-1.0000,59715.0000,1.5000,54.8000,183.1000,2.1000,0.1000,75.5450,,1.7000,1.2000,,19.3300,99.5000,82172.0000,41785.0000,0.9000,21230.0000,39.0000,0.5000,,96.2000,122951.0000,-0.3000,0.2000,3233.0000,136.4675,66.5000,0.0000,-64.0000,65.0000,101.7000,10.0000,92993.0000,54.3000,-29.0000,7.7000,12.3000,,2.8800,-8.0000,1.1000,1.1000,4.3000,16.7200,6.3000,-0.5000
20030901,22.0000,51.0000,-0.3000,-39621.0000,193.4000,5.8000,29732.0000,0.0600,85117.0000,1.5000,59.4000,183.7000,2.1000,0.3000,75.9063,,-0.6000,0.1000,,15.5500,99.4000,84632.0000,39551.0000,1.5000,-54240.0000,27.0000,0.5000,,96.7000,124253.0000,0.4000,0.4000,3334.0000,136.6055,66.2000,0.6000,-91.0000,67.0000,100.6000,22.0000,65933.0000,57.3000,-5.0000,20.3000,13.0000,,3.0300,-6.0000,1.0000,1.0000,4.3000,16.8200,6.2000,-0.3000
20030930,19.0000,53.2000,-0.2000,-41363.0000,193.6000,6.8000,108677.0000,-0.4100,79925.0000,1.3000,54.2000,184.5000,2.2000,0.4000,75.7705,,0.7000,1.8000,,20.3900,99.4000,85373.0000,50696.0000,0.7000,-76587.0000,-77.0000,0.8000,,96.7000,126735.0000,0.2000,-0.2000,3270.0000,136.8075,66.1000,-0.1000,-26.0000,67.0000,104.6000,-41.0000,82397.0000,59.1000,36.0000,20.7000,5.7000,,3.5300,-9.0000,1.3000,1.6000,5.2000,17.9600,6.1000,0.0000
20031031,131.0000,52.4000,-0.5000,-39802.0000,193.7000,9.1000,53587.0000,0.4700,76506.0000,1.2000,54.8000,185.1000,2.3000,0.3000,76.2656,,2.2000,1.2000,,36.7900,99.8000,84247.0000,16751.0000,0.9000,23402.0000,-52.0000,0.7000,,96.2000,124049.0000,0.6000,0.6000,3283.0000,137.0634,66.1000,0.6000,-29.0000,69.0000,101.9000,104.0000,42102.0000,57.6000,156.0000,28.3000,4.9000,,3.5200,4.0000,0.0000,-0.6000,6.1000,16.9800,6.1000,-0.2000
20031201,209.0000,55.2000,0.4000,-41706.0000,194.0000,8.0000,-13926.0000,0.1800,171874.0000,1.3000,61.1000,184.9000,2.0000,-0.1000,76.3517,,2.9000,2.8000,,33.9500,100.0000,86224.0000,6746.0000,0.8000,-69545.0000,54.0000,0.8000,,96.3000,127930.0000,1.1000,0.1000,3074.0000,137.3571,66.1000,1.1000,-13.0000,68.0000,104.0000,203.0000,19742.0000,58.7000,149.0000,26.9000,9.1000,,3.4100,4.0000,0.1000,-0.4000,5.2000,16.1900,6.0000,0.3000
20031231,138.0000,58.4000,0.6000,-41271.0000,194.0000,8.4000,62119.0000,0.7000,99452.0000,1.1000,62.0000,185.0000,1.8000,0.0000,76.9843,,-0.4000,-0.2000,,27.3700,100.5000,88195.0000,10502.0000,1.6000,-42971.0000,-23.0000,0.6000,,96.8000,129466.0000,1.4000,0.8000,3205.0000,137.6854,66.1000,1.7000,-18.0000,69.0000,105.3000,11.0000,19003.0000,57.5000,34.0000,26.5000,6.1000,,3.4400,12.0000,0.8000,1.2000,5.9000,17.2400,5.8000,1.0000
20040202,132.0000,60.1000,0.2000,-39841.0000,194.2000,0.9000,109329.0000,0.0100,93020.0000,1.1000,64.7000,185.5000,1.9000,0.3000,76.9364,,-0.8000,0.0000,,32.4700,100.8000,90513.0000,35552.0000,-0.5000,-17640.0000,11.0000,0.8000,,97.5000,130355.0000,1.8000,-0.1000,3157.0000,138.0532,65.9000,2.0000,-16.0000,68.0000,106.9000,123.0000,71688.0000,56.8000,112.0000,36.1000,5.6000,,3.9600,7.0000,0.2000,-0.4000,4.6000,17.0500,5.7000,0.3000
20040301,31.0000,60.8000,0.2000,-44064.0000,194.6000,11.0000,73205.0000,0.0900,117556.0000,1.1000,62.3000,186.3000,2.0000,0.4000,77.1048,,-2.3000,-1.4000,,36.9800,101.5000,90164.0000,27889.0000,0.5000,-1633.0000,-8.0000,0.8000,,99.0000,134228.0000,1.5000,0.2000,3214.0000,138.4370,66.1000,1.5000,-10.0000,66.0000,105.8000,159.0000,75141.0000,61.2000,167.0000,27.8000,5.4000,,3.2700,14.0000,1.1000,0.6000,4.7000,16.3500,5.7000,0.7000
20040331,171.0000,59.9000,0.1000,-44352.0000,194.9000,10.9000,130148.0000,0.4900,77250.0000,1.2000,57.9000,186.7000,1.7000,0.2000,77.5668,,2.2000,0.7000,,32.6400,102.2000,90056.0000,45993.0000,-0.2000,-96701.0000,12.0000,0.7000,,99.4000,134408.0000,1.8000,0.6000,3459.0000,138.8124,66.0000,2.1000,-11.0000,66.0000,102.6000,48.0000,80511.0000,58.0000,36.0000,29.6000,14.9000,,2.1100,25.0000,0.2000,0.7000,7.0000,16.6700,5.6000,0.1000
20040430,138.0000,60.6000,0.9000,-44322.0000,195.5000,7.1000,23889.0000,0.6200,68034.0000,1.6000,64.1000,187.1000,1.7000,0.2000,77.1762,,6.0000,6.2000,,38.9900,103.0000,93882.0000,26158.0000,-0.2000,-72913.0000,38.0000,0.8000,,100.2000,138204.0000,1.5000,-0.5000,3402.0000,139.1866,66.0000,1.8000,8.0000,69.0000,102.5000,331.0000,54445.0000,58.3000,293.0000,32.3000,16.2000,,1.4600,12.0000,1.9000,1.8000,6.9000,16.9000,5.8000,1.3000
20040531,175.0000,60.6000,0.8000,-46484.0000,195.9000,14.4000,40837.0000,0.3000,72184.0000,1.8000,65.4000,187.4000,2.3000,0.2000,77.5039,,-3.9000,-2.8000,,36.9600,103.7000,96519.0000,51215.0000,4.4000,17578.0000,26.0000,0.7000,,100.4000,143003.0000,2.7000,0.4000,3380.0000,139.5586,65.9000,3.1000,28.0000,69.0000,105.4000,251.0000,70124.0000,59.6000,225.0000,29.0000,11.4000,,3.6600,15.0000,-0.5000,-1.1000,6.1000,16.5400,5.6000,0.7000
20040630,129.0000,61.4000,0.6000,-47479.0000,196.2000,3.0000,62190.0000,0.8300,73368.0000,1.7000,60.9000,188.2000,3.1000,0.4000,78.1303,46.6000,-0.3000,0.3000,,27.0400,104.1000,95754.0000,50360.0000,-0.7000,-62463.0000,0.0000,0.9000,,101.9000,143232.0000,3.5000,0.8000,3629.0000,139.9225,66.0000,3.8000,27.0000,68.0000,104.5000,307.0000,92104.0000,58.5000,307.0000,30.6000,15.0000,,4.8600,10.0000,1.1000,1.7000,7.6000,17.8100,5.6000,0.0000
20040802,186.0000,60.5000,0.7000,-48169.0000,196.6000,8.1000,67608.0000,-0.4000,64343.0000,1.9000,63.1000,188.9000,3.3000,0.4000,77.5236,39.6000,1.1000,0.2000,,34.9700,103.4000,97259.0000,28642.0000,0.9000,19124.0000,-13.0000,1.0000,,101.7000,145428.0000,2.5000,-0.8000,3660.0000,140.2775,66.1000,2.6000,-10.0000,67.0000,103.0000,77.0000,55111.0000,58.6000,90.0000,34.7000,7.9000,,3.9900,5.0000,-0.1000,-1.3000,5.1000,15.8000,5.6000,1.1000
20040831,121.0000,59.9000,1.0000,-54702.0000,196.8000,7.2000,183516.0000,0.6400,69572.0000,1.8000,59.8000,189.1000,2.9000,0.1000,78.1403,37.4000,0.8000,-0.3000,,15.2300,103.9000,94853.0000,45347.0000,0.6000,-69160.0000,5.0000,1.0000,,102.1000,149555.0000,2.9000,0.8000,3424.0000,140.6217,66.1000,3.3000,-2.0000,70.0000,105.9000,45.0000,80970.0000,58.5000,40.0000,25.0000,6.4000,,3.8500,7.0000,0.5000,1.1000,5.2000,16.9100,5.5000,0.8000
20040930,219.0000,58.5000,1.0000,-51293.0000,196.9000,9.1000,52087.0000,0.3400,74150.0000,1.7000,63.2000,189.2000,2.7000,0.1000,78.1965,27.2000,-1.0000,1.8000,,28.3900,103.4000,96474.0000,12651.0000,0.5000,-41132.0000,20.0000,0.8000,,103.6000,147767.0000,3.1000,0.1000,3934.0000,140.9416,66.0000,4.2000,15.0000,67.0000,102.9000,119.0000,48969.0000,57.3000,99.0000,19.6000,13.3000,,3.3400,4.0000,0.1000,0.1000,3.6000,16.7600,5.4000,1.8000
20041101,87.0000,57.4000,0.8000,-53316.0000,197.5000,6.3000,75458.0000,0.1400,107863.0000,2.0000,66.8000,189.8000,2.5000,0.3000,78.2404,25.5000,1.6000,1.8000,,24.5700,103.8000,96909.0000,13395.0000,1.3000,24611.0000,9.0000,0.7000,,104.1000,150225.0000,2.6000,0.1000,3619.0000,141.2458,65.8000,3.3000,-14.0000,69.0000,104.5000,162.0000,44972.0000,57.9000,153.0000,26.9000,15.0000,,3.2600,1.0000,0.9000,1.8000,6.1000,17.4700,5.4000,1.0000
20041130,198.0000,56.3000,0.0000,-51489.0000,197.9000,16.7000,11685.0000,0.6900,101840.0000,2.0000,64.2000,190.8000,3.2000,0.5000,78.9624,42.7000,-1.4000,-0.6000,,15.2800,104.4000,98277.0000,17039.0000,1.2000,-56618.0000,21.0000,0.8000,,105.8000,149765.0000,3.4000,0.9000,3742.0000,141.5525,65.9000,4.3000,1.0000,70.0000,103.9000,346.0000,37273.0000,58.8000,325.0000,19.2000,14.0000,,4.4700,-5.0000,1.2000,0.6000,7.2000,17.1000,5.5000,0.0000
20041231,104.0000,56.2000,0.7000,-54961.0000,198.3000,16.6000,69378.0000,-0.0200,104530.0000,2.2000,61.7000,191.7000,3.5000,0.5000,79.0970,41.3000,4.0000,1.3000,,21.6100,104.7000,99773.0000,19203.0000,1.8000,-57170.0000,36.0000,0.7000,,105.5000,154734.0000,2.7000,0.2000,3792.0000,141.8696,66.0000,3.1000,-25.0000,71.0000,107.7000,66.0000,47988.0000,58.4000,30.0000,25.5000,12.3000,,4.9800,6.0000,0.6000,0.4000,6.3000,16.9600,5.4000,1.5000
20050131,209.0000,57.2000,1.1000,-58819.0000,198.6000,7.0000,179659.0000,0.9300,109045.0000,2.2000,62.7000,191.7000,3.3000,0.0000,79.6102,27.7000,-0.1000,2.5000,,15.5400,104.8000,99533.0000,33722.0000,1.1000,-2561.0000,1.0000,0.9000,,104.0000,158352.0000,3.6000,0.7000,3238.0000,142.1876,65.9000,4.0000,-20.0000,70.0000,106.1000,129.0000,89677.0000,59.6000,128.0000,13.4000,13.9000,,4.2200,5.0000,0.8000,1.2000,8.0000,17.6800,5.4000,1.2000
20050228,167.0000,56.8000,0.2000,-54500.0000,199.0000,8.5000,82406.0000,0.3800,92351.0000,2.3000,65.9000,191.6000,3.0000,-0.1000,79.9356,29.0000,0.2000,-0.3000,,17.1400,105.6000,102259.0000,8354.0000,0.6000,8106.0000,42.0000,0.8000,,104.6000,156760.0000,3.8000,0.5000,3650.0000,142.5028,65.8000,4.9000,-30.0000,69.0000,103.6000,136.0000,61470.0000,58.0000,94.0000,21.1000,9.9000,,4.1300,10.0000,0.1000,-0.8000,6.5000,16.2500,5.3000,0.3000
20050331,137.0000,55.5000,0.9000,-55561.0000,199.4000,4.5000,-16165.0000,0.5400,108387.0000,2.4000,65.0000,192.4000,3.0000,0.4000,80.3820,30.0000,1.0000,1.7000,,24.2700,105.7000,103059.0000,32952.0000,1.1000,-113789.0000,9.0000,0.8000,,105.5000,158620.0000,3.9000,0.7000,3670.0000,142.8066,65.9000,4.9000,16.0000,70.0000,103.6000,239.0000,81818.0000,59.4000,230.0000,15.1000,8.9000,,4.6800,4.0000,1.0000,1.1000,6.9000,16.4800,5.4000,1.4000
20050502,129.0000,55.2000,0.7000,-57454.0000,200.1000,14.8000,72482.0000,-0.3600,86396.0000,2.3000,65.4000,193.1000,3.1000,0.4000,80.2015,7.6000,-4.2000,-1.5000,,8.2900,106.4000,103867.0000,44545.0000,1.4000,-71724.0000,-4.0000,0.7000,,107.8000,161321.0000,4.2000,-0.2000,3845.0000,143.1061,65.9000,4.6000,-4.0000,67.0000,102.5000,135.0000,75910.0000,58.0000,139.0000,25.3000,2.5000,,4.9900,3.0000,0.0000,-0.1000,4.9000,16.9400,5.2000,0.6000
20050531,292.0000,52.2000,0.6000,-52619.0000,200.2000,8.6000,84235.0000,0.7600,57861.0000,2.2000,53.4000,193.7000,3.5000,0.3000,80.2102,24.4000,4.3000,0.1000,,-4.9200,106.9000,104805.0000,34163.0000,0.0000,57924.0000,14.0000,1.0000,,108.8000,157424.0000,4.0000,0.1000,3831.0000,143.3886,66.1000,4.5000,-19.0000,70.0000,99.8000,364.0000,43454.0000,55.6000,350.0000,9.3000,8.0000,,4.8200,11.0000,1.6000,1.5000,7.7000,17.2900,5.2000,0.6000
20050630,162.0000,50.8000,0.4000,-57115.0000,200.5000,12.3000,24176.0000,0.0100,82283.0000,2.2000,57.0000,193.6000,2.8000,-0.1000,80.2471,12.9000,5.8000,0.3000,,7.7900,106.7000,106865.0000,29709.0000,0.7000,-36190.0000,27.0000,0.9000,,107.9000,163980.0000,3.3000,0.2000,4243.0000,143.6577,66.1000,4.1000,6.0000,72.0000,100.8000,177.0000,49926.0000,55.3000,150.0000,-1.3000,3.0000,,3.6300,2.0000,-0.8000,-0.9000,4.9000,16.9600,5.1000,0.9000
20050801,258.0000,52.4000,0.2000,-56264.0000,200.6000,0.1000,51632.0000,0.4700,110996.0000,2.0000,61.2000,193.7000,2.5000,0.1000,80.4389,28.5000,1.3000,2.4000,,23.7900,106.7000,106231.0000,1623.0000,-0.3000,22473.0000,-18.0000,0.8000,,109.2000,162495.0000,4.6000,0.4000,3884.0000,143.9437,66.1000,5.0000,-29.0000,70.0000,100.8000,245.0000,26858.0000,58.1000,263.0000,8.1000,5.3000,,3.7000,-5.0000,1.2000,2.8000,9.2000,17.9300,5.0000,0.1000
20050831,201.0000,52.8000,0.0000,-58260.0000,200.9000,15.2000,-21109.0000,-0.0500,102971.0000,2.1000,52.3000,194.9000,3.2000,0.6000,80.0906,23.8000,-5.8000,-3.1000,,23.7200,106.8000,106314.0000,19673.0000,1.5000,-53395.0000,94.0000,0.9000,,110.5000,164574.0000,3.4000,-0.3000,4022.0000,144.2738,66.1000,3.7000,-1.0000,67.0000,101.1000,374.0000,74973.0000,59.5000,280.0000,11.2000,5.0000,,4.7100,2.0000,0.2000,0.8000,8.8000,20.4800,5.0000,0.5000
20050930,148.0000,52.4000,-0.4000,-58063.0000,201.1000,9.4000,63108.0000,0.2700,70571.0000,2.1000,58.3000,196.1000,3.6000,0.6000,80.1219,27.1000,3.9000,4.8000,,16.9300,106.6000,106679.0000,28670.0000,-0.7000,-51036.0000,6.0000,1.0000,,112.1000,164742.0000,3.5000,0.2000,4319.0000,144.6479,66.2000,3.6000,-23.0000,65.0000,100.9000,196.0000,76781.0000,61.3000,190.0000,7.1000,3.6000,,5.2500,0.0000,1.6000,-1.1000,7.5000,16.9100,4.9000,0.4000
20051031,-8.0000,56.8000,0.4000,-58388.0000,201.3000,9.8000,47314.0000,-0.8600,71836.0000,2.0000,61.7000,198.8000,4.7000,1.4000,78.4864,21.0000,-0.3000,1.1000,,12.1100,107.5000,107997.0000,25563.0000,3.3000,35234.0000,-18.0000,0.8000,,114.4000,166385.0000,1.5000,-1.9000,4073.0000,145.0409,66.1000,2.6000,-28.0000,68.0000,100.0000,67.0000,79625.0000,55.7000,85.0000,4.8000,1.1000,,6.8600,5.0000,1.4000,0.2000,5.9000,16.5100,5.0000,0.5000
20051130,157.0000,57.2000,0.6000,-64923.0000,202.0000,4.6000,78527.0000,0.9600,81301.0000,2.1000,62.3000,199.1000,4.3000,0.2000,79.3838,23.8000,2.8000,0.2000,,17.9700,108.3000,106885.0000,22199.0000,1.9000,-47277.0000,-16.0000,0.9000,,114.5000,171808.0000,1.8000,1.3000,4237.0000,145.4475,66.1000,3.1000,17.0000,61.0000,103.7000,84.0000,84307.0000,57.4000,100.0000,10.3000,-2.1000,,5.8600,3.0000,1.2000,0.2000,5.4000,14.9500,5.0000,0.3000
20060102,345.0000,56.7000,0.7000,-67140.0000,202.5000,5.2000,125906.0000,0.9100,99279.0000,2.1000,60.2000,198.1000,3.5000,-0.5000,80.0484,37.6000,6.1000,1.9000,,22.9400,107.6000,109388.0000,30164.0000,-0.2000,-83072.0000,30.0000,0.6000,,112.3000,176528.0000,2.7000,1.0000,4277.0000,145.8608,66.0000,4.0000,-5.0000,57.0000,101.2000,341.0000,103921.0000,59.1000,311.0000,12.9000,-2.5000,,4.3500,-2.0000,-0.9000,0.8000,5.9000,16.1300,5.0000,0.8000
20060131,273.0000,55.1000,0.7000,-64090.0000,202.8000,6.8000,87856.0000,0.4500,107822.0000,2.2000,61.1000,198.1000,3.4000,0.0000,80.4094,31.6000,-1.1000,0.4000,,17.5100,107.7000,110656.0000,51826.0000,0.9000,10967.0000,20.0000,0.6000,,112.3000,174746.0000,2.5000,0.6000,4220.0000,146.2874,66.0000,3.4000,6.0000,57.0000,101.4000,157.0000,89196.0000,59.0000,137.0000,5.4000,-4.8000,,5.3800,6.0000,0.1000,0.1000,4.7000,17.0100,4.9000,0.6000
20060228,345.0000,55.0000,1.0000,-64366.0000,203.2000,7.3000,67011.0000,0.7000,103466.0000,2.1000,59.5000,199.3000,4.0000,0.6000,80.4018,30.6000,-5.6000,1.8000,,20.8700,108.5000,113277.0000,17024.0000,0.3000,20964.0000,-32.0000,0.6000,,113.7000,177643.0000,2.2000,0.1000,4064.0000,146.7098,66.0000,3.5000,17.0000,56.0000,101.1000,278.0000,52380.0000,56.3000,310.0000,15.3000,-3.2000,,5.6100,0.0000,2.3000,2.9000,8.6000,17.6200,4.7000,1.2000
20060331,384.0000,55.8000,0.8000,-66680.0000,203.6000,82.3000,232248.0000,0.1500,87437.0000,2.1000,59.4000,199.4000,3.6000,0.1000,80.2714,32.8000,4.8000,-0.2000,,33.1600,108.6000,115061.0000,1714.0000,2.1000,-119237.0000,31.0000,0.7000,,112.8000,181741.0000,1.6000,0.1000,4298.0000,147.1332,66.1000,2.4000,-1.0000,54.0000,101.5000,315.0000,70981.0000,57.6000,284.0000,14.7000,-5.5000,,3.8800,13.0000,0.0000,-0.8000,6.5000,16.5800,4.8000,0.3000
20060501,158.0000,54.3000,0.3000,-62851.0000,204.3000,7.6000,107953.0000,0.3000,64975.0000,2.1000,57.6000,199.7000,3.4000,0.2000,80.3770,26.1000,4.6000,2.0000,,18.4300,108.8000,115652.0000,19376.0000,-1.3000,-85281.0000,25.0000,0.2000,34.4000,112.7000,178503.0000,1.9000,0.2000,4229.0000,147.5518,66.2000,2.8000,5.0000,51.0000,98.0000,282.0000,93414.0000,56.9000,257.0000,14.2000,-6.7000,,3.5800,7.0000,0.3000,0.5000,7.2000,16.4600,4.7000,1.0000
20060531,146.0000,55.2000,1.0000,-62574.0000,204.8000,9.9000,97406.0000,-0.0300,59688.0000,2.3000,58.8000,200.7000,3.5000,0.5000,80.5851,16.9000,-5.8000,-1.6000,0.5000,18.6200,109.6000,118272.0000,8684.0000,1.4000,118841.0000,16.0000,0.4000,34.6000,115.1000,180846.0000,2.2000,0.4000,4493.0000,147.9584,66.1000,3.0000,12.0000,46.0000,100.1000,183.0000,75041.0000,58.4000,167.0000,13.7000,-10.4000,,4.0800,-6.0000,0.4000,0.3000,5.8000,16.6200,4.7000,0.5000
20060630,232.0000,53.7000,0.6000,-62844.0000,205.4000,13.1000,99261.0000,-0.1800,53716.0000,2.4000,56.5000,201.3000,4.2000,0.3000,80.3622,14.0000,0.7000,1.7000,-0.1000,26.4900,110.4000,118672.0000,-3508.0000,-0.6000,-42907.0000,7.0000,0.2000,34.5000,117.2000,181516.0000,1.9000,-0.1000,4680.0000,148.3414,66.1000,2.2000,-23.0000,42.0000,98.5000,25.0000,48998.0000,57.0000,18.0000,11.7000,-10.3000,,4.4700,-3.0000,-0.1000,-0.3000,6.5000,16.2200,4.6000,1.3000
20060731,84.0000,52.0000,1.2000,-64844.0000,205.9000,11.5000,104702.0000,0.0300,75076.0000,2.6000,56.7000,201.8000,4.3000,0.2000,80.5519,11.5000,2.4000,0.8000,0.5000,16.6300,111.2000,120599.0000,15353.0000,1.9000,20517.0000,-4.0000,0.3000,34.6000,117.3000,185444.0000,1.9000,0.4000,4389.0000,148.7044,66.2000,2.3000,10.0000,39.0000,96.7000,79.0000,80950.0000,55.2000,83.0000,4.0000,-11.7000,,4.9300,4.0000,0.0000,0.4000,4.0000,16.4000,4.6000,0.8000
20060831,126.0000,53.0000,0.9000,-63481.0000,206.3000,-12.1000,3360.0000,-0.3700,37178.0000,2.7000,56.9000,202.9000,4.1000,0.5000,80.4077,10.8000,-4.2000,-1.7000,0.3000,11.6300,111.6000,122053.0000,28744.0000,0.0000,-33164.0000,51.0000,0.0000,34.5000,118.2000,185534.0000,2.2000,0.0000,4349.0000,149.0494,66.1000,2.4000,-25.0000,33.0000,98.1000,206.0000,83521.0000,55.6000,155.0000,12.5000,-14.2000,,3.9900,-5.0000,0.3000,0.4000,3.6000,17.1600,4.7000,0.7000
20061002,221.0000,53.7000,0.4000,-66525.0000,206.8000,8.6000,68618.0000,0.2600,65278.0000,2.8000,58.7000,203.8000,3.8000,0.4000,80.5462,13.6000,-0.7000,-1.2000,0.1000,14.9700,112.1000,119803.0000,10882.0000,-0.3000,-64717.0000,38.0000,0.0000,34.5000,118.8000,186328.0000,2.3000,0.3000,4154.0000,149.3720,66.2000,2.6000,-29.0000,30.0000,95.9000,183.0000,44151.0000,53.9000,145.0000,-0.8000,-13.8000,,3.8400,4.0000,0.8000,0.4000,5.1000,15.9500,4.7000,0.9000
20061031,30.0000,52.2000,0.7000,-67823.0000,207.2000,13.8000,111984.0000,-0.1100,100315.0000,2.9000,53.9000,202.8000,2.1000,-0.5000,80.2833,5.4000,12.2000,2.7000,0.4000,18.8900,111.7000,122321.0000,42906.0000,-0.5000,56167.0000,71.0000,0.2000,34.5000,116.2000,190144.0000,4.1000,-0.2000,4560.0000,149.6795,66.1000,3.7000,-34.0000,31.0000,99.4000,153.0000,125275.0000,54.5000,82.0000,2.3000,-14.2000,,0.8800,-2.0000,-0.6000,-0.6000,4.3000,16.4700,4.5000,1.1000
20061130,96.0000,51.4000,0.4000,-64936.0000,207.6000,10.9000,81837.0000,-0.3600,69177.0000,2.7000,51.1000,201.9000,1.3000,-0.4000,80.1038,3.4000,-8.1000,-0.8000,0.1000,22.8500,111.4000,123562.0000,2293.0000,-0.6000,-49321.0000,-14.0000,0.0000,34.5000,113.3000,188497.0000,2.8000,0.0000,4516.0000,149.9773,66.2000,1.8000,-50.0000,33.0000,100.7000,8.0000,81705.0000,54.9000,22.0000,4.5000,-13.2000,,-1.2400,8.0000,-0.3000,0.0000,4.1000,16.3800,4.4000,0.5000
20070101,63.0000,50.3000,0.3000,-58990.0000,207.8000,0.1000,79400.0000,-0.2100,76773.0000,2.6000,51.6000,202.0000,2.0000,0.0000,79.8455,-7.5000,4.1000,-0.4000,0.2000,20.1200,111.8000,125646.0000,25357.0000,-1.0000,-73042.0000,15.0000,0.1000,34.5000,113.8000,184636.0000,1.6000,-0.1000,4472.0000,150.2874,66.3000,1.1000,-34.0000,33.0000,99.7000,209.0000,89300.0000,54.5000,194.0000,-1.8000,-9.5000,,0.9500,-2.0000,0.1000,0.2000,3.5000,16.1800,4.5000,0.4000
20070131,109.0000,51.4000,0.4000,-58575.0000,208.1000,11.5000,89765.0000,0.9400,54643.0000,2.6000,52.1000,203.1000,2.5000,0.5000,80.4609,1.0000,1.6000,4.2000,0.4000,7.4000,112.5000,127445.0000,33361.0000,0.4000,41961.0000,5.0000,0.3000,34.7000,115.1000,186020.0000,2.1000,1.1000,4341.0000,150.5927,66.4000,2.5000,-26.0000,35.0000,96.5000,171.0000,87141.0000,53.7000,166.0000,7.5000,-5.0000,,1.1300,-7.0000,1.9000,1.4000,4.9000,16.6300,4.4000,1.1000
20070228,233.0000,49.5000,0.1000,-61592.0000,208.6000,13.9000,-14697.0000,-0.7400,62975.0000,2.7000,51.2000,203.4370,2.1000,0.2000,79.9118,23.8000,-4.7000,-3.5000,0.1000,24.5000,113.0000,128557.0000,10374.0000,3.5000,38236.0000,7.0000,0.1000,34.5000,113.7000,190149.0000,1.5000,-0.5000,4278.0000,150.9044,66.4000,1.1000,-7.0000,39.0000,98.9000,240.0000,11837.0000,55.6000,233.0000,3.5000,-9.4000,,0.1300,-3.0000,-0.3000,-0.2000,1.6000,16.4500,4.6000,-0.4000
20070402,86.0000,51.9000,0.4000,-57656.0000,209.1350,6.9000,90566.0000,0.2200,84014.0000,2.7000,58.6000,204.2260,2.4000,0.4000,80.6051,6.7000,1.3000,1.0000,0.4000,13.3000,113.9000,130079.0000,16148.0000,-2.5000,-119993.0000,36.0000,0.4000,34.5000,114.1000,187734.0000,2.4000,1.0000,4630.0000,151.2199,66.3000,1.8000,-11.0000,36.0000,98.2000,89.0000,111359.0000,54.2000,53.0000,2.8000,-8.1000,,2.4100,-11.0000,0.2000,0.2000,2.7000,16.7700,4.5000,0.3000
20070430,65.0000,50.7000,0.4000,-58478.0000,209.4180,11.9000,94814.0000,0.2500,48997.0000,2.5000,54.2000,205.2880,2.8000,0.5000,80.5467,10.5000,3.3000,0.3000,0.4000,3.9000,114.7000,128399.0000,17699.0000,1.9000,-96270.0000,18.0000,-0.1000,34.6000,115.9000,186877.0000,2.5000,0.2000,4465.0000,151.5313,66.2000,2.7000,-27.0000,33.0000,97.3000,190.0000,66505.0000,52.0000,172.0000,2.9000,-9.4000,,3.1400,-9.0000,1.3000,1.0000,3.2000,16.0700,4.4000,0.4000
20070531,141.0000,52.6000,0.2000,-61797.0000,209.7470,13.2000,49315.0000,-0.1300,70672.0000,2.3000,60.6000,205.9040,2.6000,0.3000,80.9669,14.0000,2.1000,2.1000,0.2000,10.0000,115.2000,133133.0000,31101.0000,0.9000,177674.0000,26.0000,0.5000,34.5000,117.5000,194930.0000,2.7000,0.7000,4666.0000,151.8351,65.9000,2.9000,-25.0000,30.0000,96.8000,80.0000,59140.0000,53.3000,54.0000,3.7000,-11.3000,,3.2400,-9.0000,-0.6000,-0.4000,2.4000,16.2900,4.5000,0.6000
20070702,40.0000,52.5000,0.5000,-60514.0000,210.0580,9.3000,84081.0000,-0.0200,71115.0000,2.2000,58.3000,206.7550,2.7000,0.4000,80.8538,8.7000,-2.5000,-0.5000,0.3000,24.2000,115.5000,132458.0000,463.0000,1.3000,-67699.0000,18.0000,0.0000,34.6000,118.6000,192972.0000,2.9000,0.0000,4824.0000,152.1347,66.0000,3.3000,-16.0000,28.0000,97.2000,143.0000,83802.0000,54.2000,125.0000,17.3000,-12.2000,,3.9100,-2.0000,1.3000,1.3000,4.1000,16.3600,4.4000,0.2000
20070731,23.0000,52.6000,0.7000,-59288.0000,210.3920,17.3000,101384.0000,-0.2400,55726.0000,2.2000,52.8000,207.2340,2.7000,0.2000,80.7107,1.6000,0.9000,-2.1000,0.6000,26.1000,116.0000,135183.0000,22658.0000,0.7000,27481.0000,14.0000,-0.4000,34.6000,120.0000,194470.0000,2.6000,0.0000,4550.0000,152.4208,66.0000,3.2000,-18.0000,24.0000,96.0000,75.0000,135752.0000,55.3000,61.0000,6.8000,-9.9000,,3.3400,0.0000,-0.2000,-0.8000,2.8000,15.8800,4.6000,0.4000
20070831,77.0000,52.4000,0.5000,-59520.0000,210.7730,9.7000,34465.0000,-0.4700,42897.0000,2.2000,52.2000,207.6030,2.4000,0.2000,80.5963,2.3000,3.8000,1.8000,0.0000,22.8000,116.1000,136594.0000,24303.0000,-0.7000,-36447.0000,-36.0000,-0.4000,34.6000,121.5000,196114.0000,2.5000,0.0000,4608.0000,152.6924,66.0000,3.6000,-22.0000,22.0000,97.6000,-34.0000,108648.0000,53.6000,2.0000,-0.5000,-14.9000,,4.2100,0.0000,0.5000,0.4000,2.9000,15.5400,4.6000,0.4000
20071001,8.0000,50.9000,0.2000,-59914.0000,211.1190,16.6000,84945.0000,-0.3600,79459.0000,2.1000,52.7000,207.6670,2.0000,0.0000,80.6551,-0.8000,-2.3000,0.1000,0.1000,14.7000,116.3000,137564.0000,-9360.0000,0.8000,-116973.0000,55.0000,-0.5000,34.6000,121.1000,197478.0000,2.4000,0.2000,4490.0000,152.9408,65.8000,2.7000,-61.0000,20.0000,96.3000,-20.0000,11164.0000,52.8000,-75.0000,7.5000,-21.8000,,2.3400,3.0000,0.0000,0.4000,2.9000,16.1100,4.6000,0.1000
20071031,-28.0000,51.0000,0.4000,-57005.0000,211.5540,19.3000,-143207.0000,-0.1800,71739.0000,2.1000,50.8000,208.5470,2.8000,0.4000,80.8911,0.4000,-3.2000,-0.6000,0.2000,25.9000,116.7000,140485.0000,-4517.0000,-0.2000,112866.0000,53.0000,-0.4000,34.6000,121.8000,197490.0000,2.9000,0.3000,4555.0000,153.1508,66.0000,3.0000,-38.0000,19.0000,97.3000,88.0000,-72882.0000,52.5000,35.0000,7.8000,-19.3000,,4.4300,1.0000,0.5000,0.6000,4.1000,16.2600,4.7000,0.4000
20071130,-21.0000,51.1000,0.6000,-57794.0000,212.0770,14.4000,-35210.0000,-0.7200,63114.0000,2.2000,53.4000,209.1900,3.5000,0.3000,80.4386,-11.9000,1.5000,1.9000,0.1000,26.0000,117.6000,141276.0000,24300.0000,1.4000,-56838.0000,18.0000,-0.4000,34.5000,123.6000,199070.0000,2.5000,-0.5000,4523.0000,153.3356,65.8000,2.9000,-26.0000,19.0000,96.2000,84.0000,13929.0000,53.5000,66.0000,6.7000,-16.7000,,6.1000,0.0000,0.5000,0.5000,4.6000,16.1900,4.7000,0.8000
20071231,62.0000,50.5000,0.3000,-56538.0000,212.6600,12.7000,90423.0000,-0.1100,73140.0000,2.3000,55.9000,210.8340,4.3000,0.8000,80.9169,-22.3000,1.4000,-0.2000,0.2000,8.6000,118.7000,144737.0000,54924.0000,2.4000,-98238.0000,37.0000,-0.8000,34.5000,127.5000,201274.0000,3.1000,0.5000,4300.0000,153.4991,66.0000,3.4000,-7.0000,18.0000,94.4000,114.0000,128938.0000,52.7000,77.0000,-5.4000,-19.2000,,7.2600,-4.0000,1.7000,0.9000,5.3000,16.0900,4.7000,0.2000
20080131,-22.0000,49.0000,0.6000,-59717.0000,213.1680,15.3000,120660.0000,-0.6500,44416.0000,2.4000,52.4000,211.4450,4.1000,0.3000,80.9182,-24.3000,4.5000,2.5000,0.3000,7.2000,119.3000,146373.0000,19825.0000,2.1000,48261.0000,42.0000,-0.7000,34.6000,127.3000,206090.0000,2.0000,0.0000,4156.0000,153.6492,66.0000,2.0000,-11.0000,19.0000,94.6000,98.0000,82050.0000,52.5000,56.0000,-18.4000,-23.3000,,6.1700,-6.0000,-0.2000,-0.8000,3.0000,15.7800,5.0000,1.2000
20080229,100.0000,50.3000,0.7000,-57154.0000,213.7710,7.3000,38202.0000,-0.5400,74986.0000,2.5000,46.7000,212.1740,4.3000,0.3000,80.7477,-23.6000,-2.3000,0.4000,0.1000,-7.3000,120.7000,147269.0000,423.0000,0.6000,17839.0000,12.0000,-0.5000,34.5000,129.2000,204422.0000,2.2000,-0.3000,4123.0000,153.7855,66.2000,2.1000,-21.0000,20.0000,91.8000,17.0000,48212.0000,45.0000,5.0000,-20.3000,-19.6000,,7.4300,-10.0000,-0.1000,0.0000,3.3000,15.4500,5.0000,1.2000
20080331,-97.0000,47.6000,1.1000,-61139.0000,213.9390,16.1000,36739.0000,-1.2300,72091.0000,2.3000,49.9000,212.6870,4.0000,0.2000,80.5921,-28.8000,-1.5000,-2.0000,0.4000,-14.8000,121.8000,150167.0000,36763.0000,0.5000,-175563.0000,29.0000,-0.9000,34.5000,129.5000,211306.0000,0.8000,-0.3000,4260.0000,153.9105,66.0000,1.0000,-29.0000,20.0000,92.9000,-84.0000,51346.0000,49.9000,-113.0000,-14.7000,-18.6000,,6.4900,-5.0000,-0.7000,-1.0000,2.1000,15.2300,4.9000,1.4000
20080430,-92.0000,48.3000,0.4000,-64348.0000,214.4200,14.6000,44367.0000,-1.2900,53579.0000,2.4000,48.4000,213.4480,4.0000,0.4000,80.4223,-29.2000,-1.3000,0.9000,0.4000,-3.1000,123.8000,152433.0000,12240.0000,-1.2000,-48212.0000,26.0000,-0.6000,34.6000,133.5000,216781.0000,0.4000,-0.2000,4042.0000,153.9996,66.1000,-0.1000,-37.0000,20.0000,89.6000,-78.0000,50656.0000,49.4000,-104.0000,-21.2000,-20.8000,,6.7000,-11.0000,0.4000,0.1000,1.2000,14.8500,5.1000,1.0000
20080602,-295.0000,48.8000,-0.1000,-60064.0000,214.5600,10.2000,-52244.0000,-1.0900,90015.0000,2.3000,49.1000,213.9420,3.9000,0.2000,79.8863,-16.9000,-0.4000,2.6000,0.0000,-3.9000,124.4000,152089.0000,51003.0000,1.1000,159282.0000,7.0000,-0.9000,34.5000,137.3000,212154.0000,-1.0000,-0.7000,4001.0000,154.0379,65.9000,-1.9000,-60.0000,19.0000,91.5000,-210.0000,69825.0000,51.8000,-217.0000,-16.1000,-12.4000,,6.3900,-10.0000,0.9000,0.5000,2.1000,14.3300,5.0000,0.2000
20080630,-364.0000,48.8000,0.5000,-63528.0000,214.9360,9.4000,70585.0000,-1.3600,103522.0000,2.3000,48.9000,215.2080,4.2000,0.6000,79.5639,-26.1000,0.1000,-1.3000,0.4000,-8.4000,124.8000,156756.0000,76592.0000,3.1000,-165927.0000,33.0000,-1.1000,34.5000,141.2000,220284.0000,-1.6000,-0.5000,4098.0000,154.0318,66.1000,-2.3000,-35.0000,18.0000,89.3000,-186.0000,109551.0000,51.4000,-219.0000,-16.8000,-13.9000,,7.3400,-10.0000,1.1000,0.5000,1.3000,14.4100,5.4000,1.6000
20080731,-248.0000,49.8000,0.2000,-62151.0000,215.4240,3.7000,-45394.0000,-1.1500,81755.0000,2.4000,49.5000,217.4630,5.0000,1.0000,79.4348,-22.3000,-0.2000,1.4000,0.2000,-5.3000,126.1000,158799.0000,1800.0000,0.4000,33547.0000,34.0000,-1.1000,34.5000,145.5000,220950.0000,-1.7000,-0.2000,3960.0000,153.9706,66.1000,-3.1000,-60.0000,16.0000,89.2000,-162.0000,73984.0000,48.3000,-196.0000,-16.2000,-11.5000,,9.0900,-13.0000,0.9000,0.2000,2.4000,14.1200,5.6000,0.6000
20080901,-341.0000,50.0000,0.8000,-60670.0000,215.9650,3.8000,94794.0000,-1.8600,103312.0000,2.5000,55.5000,219.0160,5.6000,0.7000,79.0223,-14.9000,-2.6000,-2.5000,0.3000,-0.8000,128.0000,163609.0000,28014.0000,2.2000,-102767.0000,51.0000,-0.6000,34.5000,147.5000,224279.0000,-2.2000,-0.5000,3767.0000,153.8339,66.1000,-4.3000,-74.0000,16.0000,88.2000,-213.0000,44134.0000,50.0000,-264.0000,-17.6000,-5.8000,,9.8500,-15.0000,0.4000,-0.5000,1.4000,12.7600,5.8000,1.3000
20080930,-422.0000,49.2000,0.7000,-66842.0000,216.3930,4.3000,-17553.0000,-2.0700,88736.0000,2.5000,57.0000,218.6900,5.4000,-0.1000,77.8196,-35.9000,-3.3000,-2.9000,0.5000,-8.0000,125.9000,165379.0000,34012.0000,-0.9000,-111914.0000,-1.0000,-0.9000,34.5000,143.0000,232221.0000,-3.9000,-1.5000,3821.0000,153.6040,66.1000,-5.1000,-72.0000,17.0000,91.1000,-267.0000,13132.0000,50.6000,-266.0000,2.0000,4.2000,,9.6900,-25.0000,-1.1000,-0.7000,0.3000,13.8600,6.1000,1.3000
20081031,-346.0000,44.8000,0.0000,-62108.0000,216.7130,-4.2000,30648.0000,-3.7200,95094.0000,2.5000,37.8000,218.8770,4.9000,0.1000,74.4576,-52.9000,-2.5000,-3.4000,0.1000,-25.7000,124.9000,162658.0000,32837.0000,-3.0000,45734.0000,-30.0000,-0.9000,34.4000,137.8000,224766.0000,-8.3000,-4.3000,3665.0000,153.2683,66.0000,-8.7000,-83.0000,14.0000,92.9000,-450.0000,14758.0000,49.4000,-420.0000,-37.5000,4.5000,,8.8400,-31.0000,-1.1000,-1.6000,-1.9000,12.7300,6.1000,0.9000
20081201,-504.0000,38.9000,-0.6000,-60499.0000,216.7880,-4.6000,85206.0000,-1.9400,112884.0000,2.2000,33.3000,216.9950,3.7000,-0.9000,75.0820,-55.8000,-8.9000,-7.6000,0.2000,-22.5000,122.3000,153586.0000,20116.0000,-4.5000,-155533.0000,12.0000,-0.9000,34.4000,129.6000,214086.0000,-7.0000,0.9000,3264.0000,152.8131,66.0000,-8.9000,-128.0000,9.0000,87.5000,-474.0000,59099.0000,44.7000,-486.0000,-40.9000,-5.7000,,5.2200,-40.0000,-2.4000,-3.6000,-5.9000,10.7100,6.5000,-0.4000
20081231,-583.0000,36.5000,-1.0000,-60191.0000,216.9470,0.7000,272938.0000,-3.6400,181671.0000,2.0000,33.7000,213.1530,1.1000,-1.8000,74.0790,-58.3000,-4.2000,-2.0000,0.5000,-25.4000,118.4000,151364.0000,32703.0000,-5.6000,-125201.0000,11.0000,-1.0000,34.2000,120.0000,211555.0000,-8.7000,-1.2000,3292.0000,152.2489,65.9000,-11.5000,-113.0000,9.0000,87.8000,-766.0000,-5391.0000,37.6000,-777.0000,-37.6000,-9.1000,,0.3500,-33.0000,-3.8000,-3.7000,-10.2000,10.3000,6.8000,-1.4000
20090202,-563.0000,33.1000,-1.5000,-44724.0000,216.9250,-8.0000,78372.0000,-4.3200,166348.0000,1.8000,33.5000,211.3980,0.1000,-0.8000,71.8894,-53.8000,-5.5000,-6.3000,0.3000,-26.4000,115.8000,142400.0000,-25784.0000,-7.1000,-51754.0000,-4.0000,-1.7000,34.1000,114.5000,187123.0000,-11.4000,-2.9000,2956.0000,151.6103,65.8000,-14.6000,-184.0000,8.0000,85.2000,-694.0000,-27796.0000,40.0000,-690.0000,-31.0000,2.4000,,-0.9400,-35.0000,-2.4000,-2.3000,-11.5000,10.1900,7.3000,-0.5000
20090302,-707.0000,34.9000,-2.1000,-42463.0000,217.3460,-11.1000,80362.0000,-4.6500,241749.0000,1.7000,33.9000,211.9330,0.0000,0.3000,70.1475,-59.5000,-11.8000,-11.4000,0.1000,-34.3000,116.6000,132372.0000,14584.0000,-6.5000,-63457.0000,23.0000,-0.2000,34.1000,113.0000,174835.0000,-13.2000,-2.4000,2830.0000,150.9132,65.7000,-16.8000,-289.0000,9.0000,84.1000,-793.0000,35779.0000,43.1000,-816.0000,-39.6000,-3.4000,,-0.9300,-43.0000,1.1000,1.5000,-10.2000,9.6000,7.8000,-1.2000
20090331,-846.0000,35.5000,-1.2000,-37842.0000,217.7920,8.2000,-153035.0000,-2.3700,186350.0000,1.8000,33.1000,212.7050,0.2000,0.4000,69.6397,-55.2000,-5.0000,1.6000,0.0000,-33.8000,116.3000,125294.0000,10924.0000,-4.4000,-193859.0000,-3.0000,1.0000,34.3000,113.0000,163136.0000,-13.4000,-0.6000,2767.0000,150.1922,65.8000,-16.4000,-181.0000,9.0000,82.6000,-702.0000,-33085.0000,41.5000,-699.0000,-34.4000,-5.6000,,-1.3900,-31.0000,0.2000,-0.4000,-9.7000,9.0500,8.3000,-1.0000
20090430,-640.0000,36.0000,-1.6000,-27767.0000,218.2530,-10.2000,-140458.0000,-3.7100,150411.0000,1.8000,38.7000,212.4950,-0.4000,-0.1000,68.5134,-37.5000,0.0000,-2.4000,0.3000,-19.4000,115.5000,127342.0000,21735.0000,1.4000,-191589.0000,-16.0000,0.1000,33.8000,113.6000,155109.0000,-14.6000,-1.6000,2791.0000,149.5064,65.6000,-17.7000,-172.0000,14.0000,81.0000,-823.0000,24086.0000,40.0000,-807.0000,-25.3000,0.5000,,-3.4300,-25.0000,-1.6000,-1.7000,-11.2000,9.5800,8.7000,-1.9000
20090601,-562.0000,39.5000,-1.4000,-29162.0000,218.7060,-16.5000,57702.0000,-2.7000,132590.0000,1.9000,36.5000,212.7090,-0.7000,0.1000,67.8956,-27.9000,-0.9000,-3.1000,0.1000,-6.1000,116.1000,125998.0000,55241.0000,-3.0000,-20907.0000,117.0000,-1.2000,33.9000,114.8000,155161.0000,-14.7000,-0.9000,2491.0000,148.8881,65.7000,-17.6000,-178.0000,16.0000,86.8000,-687.0000,60768.0000,43.4000,-804.0000,-22.4000,2.4000,,-3.5100,-13.0000,0.3000,0.3000,-11.4000,9.2200,8.9000,-2.0000
20090630,-442.0000,41.7000,-1.3000,-29705.0000,218.9040,-8.1000,-60607.0000,-2.2100,111182.0000,1.8000,40.3000,213.0220,-1.3000,0.1000,67.1760,-22.3000,4.4000,2.5000,0.0000,-10.0000,116.6000,124390.0000,41969.0000,-1.1000,-189651.0000,-60.0000,-0.5000,33.8000,116.8000,154095.0000,-15.2000,-1.0000,2357.0000,148.3619,65.7000,-18.1000,-168.0000,15.0000,88.9000,-349.0000,11448.0000,44.2000,-289.0000,0.3000,8.8000,,-4.8400,-9.0000,0.8000,0.9000,-11.0000,10.0100,9.4000,-1.4000
20090731,-377.0000,45.8000,-1.3000,-25372.0000,219.1120,-6.4000,-35101.0000,-1.6900,74393.0000,1.7000,42.7000,214.7900,-1.4000,0.8000,66.8901,-20.4000,-3.2000,2.1000,0.2000,-0.1000,117.8000,126221.0000,-22576.0000,2.1000,-94332.0000,-41.0000,-0.3000,33.7000,120.0000,151593.0000,-15.4000,-0.4000,2427.0000,147.9357,65.7000,-17.9000,-136.0000,17.0000,87.8000,-471.0000,-17595.0000,46.8000,-430.0000,-6.6000,6.5000,,-4.4400,-3.0000,1.0000,1.6000,-9.8000,9.9900,9.5000,-1.3000
20090831,-168.0000,49.9000,-1.2000,-26367.0000,219.2630,-18.0000,-92851.0000,-0.0600,97373.0000,1.5000,49.3000,214.7260,-2.1000,0.0000,67.6387,-5.2000,7.1000,2.6000,0.1000,12.8000,117.4000,128891.0000,100499.0000,3.6000,-180680.0000,-55.0000,0.0000,33.8000,119.3000,155258.0000,-14.1000,1.0000,2428.0000,147.6154,65.5000,-15.8000,-58.0000,18.0000,86.5000,-329.0000,91966.0000,47.0000,-274.0000,8.9000,13.7000,,-6.8600,9.0000,-0.1000,0.2000,-9.2000,11.3900,9.5000,-1.5000
20090930,-264.0000,53.5000,-1.1000,-32790.0000,219.4960,-2.8000,-67756.0000,-0.4000,76456.0000,1.4000,47.3000,215.4450,-1.5000,0.3000,68.4156,-2.6000,1.1000,-0.4000,0.3000,21.0000,118.1000,130848.0000,31252.0000,-0.2000,-103555.0000,16.0000,-0.3000,33.8000,121.1000,163637.0000,-11.8000,1.1000,2196.0000,147.4010,65.4000,-13.8000,-42.0000,19.0000,88.6000,-213.0000,17388.0000,49.1000,-229.0000,14.9000,14.3000,,-4.3900,-1.0000,0.7000,1.9000,-6.8000,14.5800,9.6000,-1.5000
20091102,-130.0000,54.4000,-1.5000,-31267.0000,219.9200,-10.5000,18181.0000,-0.5400,66404.0000,1.5000,53.9000,215.8610,-1.3000,0.2000,69.0014,-7.3000,-0.4000,3.5000,0.1000,33.3000,117.9000,131438.0000,28057.0000,1.0000,-45207.0000,-86.0000,-0.1000,33.8000,121.3000,162705.0000,-7.1000,0.8000,2306.0000,147.2906,65.1000,-10.1000,-35.0000,17.0000,88.8000,-220.0000,36380.0000,50.5000,-134.0000,12.6000,16.9000,,-4.9400,7.0000,0.2000,-2.4000,-7.6000,9.3800,9.8000,-1.2000
20091130,-181.0000,56.0000,-0.4000,-34491.0000,220.5010,-7.0000,87436.0000,-0.6900,55679.0000,1.7000,55.5000,216.5090,-0.2000,0.3000,69.3797,-1.6000,3.3000,0.4000,0.2000,25.8000,117.9000,136142.0000,44685.0000,2.1000,-176363.0000,73.0000,-0.1000,33.8000,122.3000,170632.0000,-7.7000,0.3000,2478.0000,147.2844,65.0000,-9.4000,-53.0000,17.0000,89.1000,-204.0000,41215.0000,50.9000,-277.0000,15.4000,30.9000,,-2.0300,3.0000,0.1000,1.0000,-3.2000,10.4100,10.0000,-1.2000
20091231,-163.0000,54.4000,0.5000,-33826.0000,220.6660,-3.9000,-23160.0000,-0.0800,50349.0000,1.7000,56.9000,217.2340,1.8000,0.3000,69.6820,3.2000,-0.5000,0.1000,0.2000,5.2000,118.9000,140401.0000,38910.0000,1.4000,-120287.0000,9.0000,0.3000,33.9000,124.1000,174228.0000,-6.1000,0.4000,2400.0000,147.3642,65.0000,-6.3000,-29.0000,16.0000,88.3000,-2.0000,19315.0000,49.3000,-11.0000,16.6000,18.7000,100.2000,2.1500,5.0000,0.8000,1.0000,1.5000,10.8600,9.9000,0.4000
20100201,-144.0000,55.3000,0.7000,-37203.0000,220.8810,-16.8000,27317.0000,-0.7200,45094.0000,1.8000,59.6000,217.3470,2.7000,0.1000,70.0464,7.5000,-1.5000,2.0000,0.0000,15.1000,119.7000,141370.0000,117875.0000,1.1000,-91410.0000,-51.0000,0.2000,33.9000,124.4000,178573.0000,-3.0000,0.3000,2350.0000,147.5164,64.6000,-3.2000,-34.0000,15.0000,88.0000,-275.0000,126416.0000,49.9000,-224.0000,12.9000,4.6000,100.3000,4.2700,9.0000,0.6000,0.4000,4.3000,11.1200,9.9000,1.6000
20100301,-22.0000,57.6000,-0.1000,-37983.0000,220.6330,-5.8000,66002.0000,0.1600,71482.0000,1.6000,58.3000,217.4880,2.6000,0.1000,70.9996,-2.2000,14.3000,1.0000,0.2000,21.5000,120.7000,144718.0000,69817.0000,1.0000,-42634.0000,9.0000,-1.0000,34.0000,125.9000,182700.0000,0.4000,1.1000,2407.0000,147.7187,64.8000,0.9000,-15.0000,17.0000,89.3000,23.0000,73721.0000,50.1000,14.0000,14.0000,12.1000,101.2000,4.4600,10.0000,0.0000,0.0000,2.8000,10.6700,9.7000,-0.4000
20100331,-116.0000,56.1000,0.1000,-37154.0000,220.7310,-11.1000,-4309.0000,-0.5800,42090.0000,1.3000,58.7000,217.2810,2.1000,-0.1000,71.3556,6.6000,-3.3000,1.3000,0.1000,19.7000,120.3000,144013.0000,61578.0000,0.9000,-220909.0000,-15.0000,0.2000,33.9000,125.8000,181167.0000,1.4000,0.3000,2636.0000,147.9710,64.9000,1.0000,-7.0000,15.0000,88.0000,-68.0000,15028.0000,51.8000,-53.0000,14.3000,17.6000,101.0000,4.1800,8.0000,0.6000,0.2000,3.3000,10.1400,9.8000,0.0000
20100430,-20.0000,58.9000,0.6000,-41034.0000,220.7830,-10.6000,18866.0000,0.5600,67611.0000,1.1000,60.6000,217.3530,2.3000,0.0000,71.9797,24.8000,2.3000,5.3000,0.1000,27.3000,121.2000,145059.0000,48202.0000,1.0000,-65387.0000,42.0000,-0.6000,34.0000,126.3000,186093.0000,3.7000,0.7000,2578.0000,148.2623,64.9000,4.2000,0.0000,19.0000,86.8000,164.0000,49352.0000,53.4000,122.0000,16.0000,21.2000,101.1000,5.9100,26.0000,0.9000,2.2000,7.4000,11.5700,9.8000,0.3000
20100531,190.0000,58.3000,0.6000,-39766.0000,220.8220,7.0000,-3576.0000,0.6300,38326.0000,0.9000,61.4000,217.4030,2.2000,0.0000,72.3935,9.8000,4.0000,-1.0000,0.2000,18.0000,122.5000,149262.0000,107648.0000,3.6000,-82689.0000,51.0000,0.0000,34.1000,127.7000,189028.0000,5.1000,0.4000,2666.0000,148.5598,65.2000,6.0000,36.0000,22.0000,90.6000,243.0000,139697.0000,55.1000,192.0000,22.2000,23.9000,101.4000,5.4000,15.0000,0.6000,0.7000,7.8000,11.2600,9.9000,0.6000
20100630,134.0000,58.3000,0.4000,-40864.0000,220.9620,-5.0000,9308.0000,0.5100,38810.0000,0.9000,61.3000,217.2900,2.0000,-0.1000,73.6494,-0.1000,-0.6000,1.9000,0.2000,19.7000,123.1000,147800.0000,77186.0000,-0.5000,-135927.0000,427.0000,0.1000,34.1000,126.7000,188664.0000,7.8000,1.6000,3220.0000,148.8545,64.9000,8.8000,36.0000,16.0000,92.2000,524.0000,77631.0000,55.3000,97.0000,15.1000,-15.7000,101.6000,5.0800,9.0000,-0.9000,-0.7000,6.0000,11.8500,9.6000,0.2000
20100802,119.0000,56.0000,0.2000,-41333.0000,221.1940,-7.7000,18304.0000,-0.2900,39358.0000,0.9000,62.8000,217.1990,1.1000,0.0000,73.9460,-16.9000,0.1000,0.5000,0.0000,5.1000,122.2000,152502.0000,14989.0000,-0.2000,-68422.0000,-256.0000,0.1000,34.1000,125.2000,193834.0000,8.5000,0.2000,2891.0000,149.1369,64.6000,9.1000,20.0000,14.0000,89.0000,-137.0000,31902.0000,54.5000,119.0000,7.8000,-19.1000,101.4000,2.7000,10.0000,-0.1000,-0.2000,4.2000,11.4200,9.4000,0.5000
20100831,116.0000,55.7000,0.8000,-46557.0000,221.3630,-3.6000,-9107.0000,0.2400,41676.0000,0.9000,60.2000,217.6050,1.2000,0.2000,74.4448,-8.2000,1.6000,-1.5000,0.3000,10.2000,122.0000,152069.0000,31728.0000,0.1000,-165043.0000,-171.0000,-1.1000,34.2000,125.2000,198626.0000,7.8000,0.4000,2664.0000,149.4099,64.6000,8.3000,16.0000,13.0000,88.1000,-68.0000,42993.0000,54.6000,103.0000,3.7000,-18.9000,101.6000,4.1200,3.0000,-0.2000,0.2000,4.2000,11.7400,9.5000,0.6000
20100930,106.0000,57.2000,0.9000,-40413.0000,221.5090,-3.8000,74322.0000,-0.2000,34768.0000,0.9000,62.6000,217.9230,1.1000,0.1000,74.8220,-13.6000,1.4000,2.4000,0.2000,10.1000,123.0000,155434.0000,30158.0000,-0.5000,-90526.0000,-149.0000,-0.7000,34.2000,125.7000,195847.0000,7.1000,0.4000,2965.0000,149.6824,64.7000,7.2000,-8.0000,13.0000,88.8000,-36.0000,59439.0000,52.5000,113.0000,4.0000,-19.9000,101.8000,3.2700,2.0000,0.7000,0.6000,2.8000,11.8300,9.6000,1.2000
20101101,143.0000,56.5000,0.9000,-44921.0000,221.7110,1.0000,19388.0000,-0.2500,37151.0000,0.8000,62.0000,218.2750,1.1000,0.2000,75.1011,3.2000,4.2000,1.3000,0.2000,15.6000,123.7000,156016.0000,118012.0000,1.5000,-34607.0000,-173.0000,-0.1000,34.2000,125.7000,200937.0000,6.5000,0.3000,2920.0000,149.9778,64.6000,6.5000,10.0000,15.0000,89.0000,-52.0000,126487.0000,53.4000,121.0000,0.3000,-23.3000,102.1000,3.9300,11.0000,0.8000,0.8000,6.2000,11.7400,9.5000,1.2000
20101130,161.0000,57.9000,1.2000,-44042.0000,221.8300,3.6000,85615.0000,-0.1700,37986.0000,0.6000,62.1000,219.0350,1.2000,0.3000,74.9999,18.4000,-2.8000,-3.6000,0.3000,-7.4000,124.7000,156896.0000,77151.0000,1.5000,-140432.0000,50.0000,-0.9000,34.3000,127.1000,200937.0000,6.0000,-0.3000,2767.0000,150.2848,64.4000,6.4000,-1.0000,16.0000,91.7000,262.0000,75443.0000,55.4000,212.0000,19.2000,-21.9000,102.5000,4.2600,11.0000,0.9000,1.2000,6.5000,12.2400,9.5000,1.7000
20101231,136.0000,57.6000,1.1000,-39998.0000,222.1490,9.6000,1700.0000,-0.3800,48711.0000,0.8000,65.8000,219.5900,1.1000,0.3000,75.0947,16.4000,1.0000,6.4000,0.0000,11.8000,126.6000,162730.0000,23312.0000,-0.3000,-150394.0000,-10.0000,0.1000,34.2000,129.2000,202727.0000,5.6000,0.1000,3033.0000,150.5985,64.6000,5.4000,23.0000,16.0000,93.2000,119.0000,29393.0000,56.3000,129.0000,15.5000,-7.2000,102.8000,3.3600,21.0000,1.0000,1.0000,6.5000,12.1200,9.8000,2.1000
20110131,91.0000,57.3000,0.6000,-37762.0000,222.3430,1.8000,29973.0000,0.1400,32004.0000,0.8000,66.2000,220.4720,1.5000,0.4000,75.8308,8.7000,-0.9000,1.7000,0.1000,9.6000,127.5000,164418.0000,60673.0000,3.7000,-78134.0000,-21.0000,-0.3000,34.3000,131.0000,202180.0000,6.2000,0.8000,2914.0000,150.9269,64.3000,6.0000,10.0000,16.0000,92.6000,87.0000,84359.0000,56.8000,108.0000,16.5000,-3.8000,103.1000,3.7500,13.0000,0.7000,0.5000,6.7000,12.4500,9.4000,0.7000
20110228,123.0000,59.6000,1.2000,-40815.0000,222.8030,115.0000,59392.0000,0.0500,38519.0000,1.0000,65.4000,221.1870,1.6000,0.3000,75.8377,16.5000,5.0000,-2.2000,0.4000,12.0000,129.1000,167408.0000,53045.0000,2.3000,-49796.0000,-8.0000,-0.7000,34.2000,133.0000,208223.0000,4.9000,-0.1000,2857.0000,151.2696,64.2000,5.1000,26.0000,16.0000,94.1000,43.0000,61305.0000,57.7000,51.0000,29.0000,-4.6000,103.7000,3.6000,15.0000,0.5000,0.7000,7.4000,12.5700,9.1000,1.6000
20110331,191.0000,60.0000,0.8000,-47123.0000,223.2130,8.5000,34196.0000,-0.4400,50702.0000,1.1000,67.7000,221.8980,2.1000,0.3000,75.4601,9.0000,-5.1000,-1.5000,0.0000,12.2000,130.8000,168932.0000,48810.0000,0.9000,-222507.0000,-43.0000,-0.4000,34.3000,135.3000,216055.0000,4.1000,-0.4000,2939.0000,151.6246,64.2000,5.3000,33.0000,17.0000,94.5000,189.0000,48568.0000,58.1000,232.0000,36.5000,-10.1000,104.3000,5.4200,15.0000,0.7000,0.8000,8.1000,12.8900,9.0000,0.8000
20110502,215.0000,59.4000,0.6000,-43718.0000,223.4540,9.5000,91482.0000,0.5600,41528.0000,1.2000,64.9000,223.0460,2.7000,0.5000,76.0909,10.9000,9.1000,4.4000,0.1000,19.1000,132.7000,167437.0000,32732.0000,-0.5000,-188154.0000,-23.0000,-1.1000,34.3000,139.3000,211155.0000,4.3000,0.9000,3056.0000,151.9869,64.2000,4.6000,21.0000,16.0000,91.9000,225.0000,21660.0000,55.8000,248.0000,12.9000,-12.9000,105.0000,5.5800,5.0000,1.1000,0.9000,6.7000,12.9300,8.9000,1.1000
20110531,348.0000,59.1000,1.4000,-43478.0000,223.7270,8.8000,137436.0000,-0.6500,36490.0000,1.3000,56.6000,224.0930,3.2000,0.5000,75.7388,-3.5000,-5.2000,-2.6000,0.2000,10.0000,133.8000,175373.0000,29325.0000,3.6000,-40387.0000,-8.0000,-0.9000,34.4000,142.9000,218851.0000,3.5000,-0.4000,3130.0000,152.3479,64.2000,3.1000,29.0000,16.0000,91.2000,346.0000,13922.0000,55.0000,354.0000,6.2000,-24.3000,105.5000,6.6300,-3.0000,0.8000,0.5000,6.5000,13.1100,9.0000,1.1000
20110630,209.0000,53.7000,0.8000,-42227.0000,224.1750,6.5000,58883.0000,-0.3700,37135.0000,1.5000,63.3000,224.8060,3.6000,0.3000,75.8148,-19.8000,2.6000,2.8000,0.3000,-5.5000,134.3000,177458.0000,25169.0000,0.0000,-57641.0000,-55.0000,0.2000,34.3000,143.1000,219684.0000,2.1000,0.2000,3287.0000,152.6911,64.1000,1.7000,9.0000,13.0000,90.9000,77.0000,21746.0000,54.9000,132.0000,-0.3000,12.3000,105.8000,7.0600,3.0000,0.3000,0.0000,7.3000,12.0400,9.0000,0.5000
20110801,233.0000,56.6000,1.1000,-47220.0000,224.6970,7.5000,-27301.0000,-0.1000,41432.0000,1.6000,61.2000,224.8060,3.6000,0.0000,75.9429,-3.1000,-3.0000,-0.9000,0.1000,-6.3000,134.5000,177451.0000,48718.0000,0.5000,-43080.0000,35.0000,-0.2000,34.3000,142.2000,224671.0000,2.1000,0.2000,3114.0000,153.0353,64.0000,1.8000,14.0000,15.0000,90.8000,225.0000,21358.0000,54.2000,190.0000,7.2000,17.5000,105.9000,6.9300,6.0000,0.6000,0.7000,8.3000,11.6900,9.1000,2.0000
20110831,188.0000,52.5000,0.5000,-49433.0000,225.2180,8.4000,-23092.0000,0.2000,66414.0000,1.8000,60.1000,225.3950,3.6000,0.3000,76.2274,-11.9000,4.4000,2.0000,0.4000,-3.6000,134.0000,175611.0000,1891.0000,0.0000,-129376.0000,-115.0000,0.3000,34.4000,142.4000,225043.0000,2.2000,0.5000,3224.0000,153.3860,64.0000,1.8000,19.0000,15.0000,89.9000,69.0000,2260.0000,53.5000,184.0000,-19.4000,11.8000,106.1000,7.0800,2.0000,0.0000,0.0000,8.0000,12.3900,9.1000,1.1000
20110930,209.0000,52.3000,0.3000,-45689.0000,225.8620,23.4000,-76031.0000,-0.1400,51114.0000,2.0000,63.3000,226.1060,3.8000,0.3000,76.5078,-15.8000,3.2000,-0.1000,-0.2000,-4.0000,134.6000,180121.0000,15317.0000,0.6000,-134143.0000,-32.0000,0.3000,34.3000,141.9000,225810.0000,2.3000,0.5000,3475.0000,153.7515,64.1000,1.9000,18.0000,14.0000,88.1000,110.0000,1985.0000,53.6000,142.0000,-11.5000,11.0000,106.3000,6.5600,-4.0000,0.5000,0.2000,7.6000,12.3400,9.1000,0.7000
20111031,203.0000,52.7000,0.6000,-44968.0000,226.1180,-6.9000,100689.0000,-0.3200,115730.0000,2.0000,60.3000,226.5970,3.9000,0.2000,76.3601,1.4000,-3.3000,1.3000,0.2000,-5.1000,135.3000,180455.0000,67033.0000,-0.1000,-62750.0000,-34.0000,-0.3000,34.4000,141.7000,225423.0000,1.9000,0.0000,3168.0000,154.1303,64.2000,2.2000,5.0000,17.0000,88.9000,248.0000,57926.0000,52.3000,282.0000,6.2000,9.0000,106.7000,7.0000,-1.0000,0.2000,1.0000,7.8000,13.0900,9.0000,0.4000
20111130,152.0000,51.5000,-0.3000,-43305.0000,226.5060,10.2000,75150.0000,0.2000,42759.0000,2.1000,62.4000,226.7500,3.5000,0.1000,76.7528,2.8000,0.1000,0.7000,0.4000,4.9000,132.6000,182398.0000,94369.0000,0.7000,-98466.0000,15.0000,0.6000,34.4000,141.2000,225703.0000,2.9000,0.7000,3495.0000,154.5226,64.1000,2.6000,11.0000,19.0000,90.2000,209.0000,76438.0000,52.9000,194.0000,4.0000,6.8000,106.3000,5.8500,-2.0000,0.6000,0.8000,7.3000,13.4200,8.9000,-0.8000
20120102,159.0000,51.9000,0.9000,-44962.0000,226.8990,3.7000,-34563.0000,-0.5900,42474.0000,2.2000,61.8000,227.1690,3.4000,0.2000,76.5158,-1.2000,4.0000,0.4000,-0.1000,11.5000,132.7000,181683.0000,21531.0000,0.1000,-137302.0000,-27.0000,-0.6000,34.4000,142.2000,226645.0000,2.7000,-0.1000,3421.0000,154.9376,64.1000,2.2000,-10.0000,21.0000,92.0000,141.0000,14308.0000,52.9000,168.0000,2.4000,6.6000,106.6000,5.5600,-4.0000,0.3000,0.3000,6.6000,13.3000,8.7000,1.0000
20120131,235.0000,52.8000,0.4000,-47044.0000,227.4050,19.0000,41215.0000,0.3500,41785.0000,2.2000,58.3000,227.2230,3.0000,0.0000,76.6752,14.6000,4.6000,3.5000,0.2000,11.4000,132.1000,179589.0000,60789.0000,0.7000,-85967.0000,-17.0000,0.5000,34.4000,142.2000,226633.0000,2.3000,0.4000,3153.0000,155.3729,64.0000,2.5000,32.0000,25.0000,93.8000,209.0000,67969.0000,52.5000,226.0000,7.4000,7.5000,106.5000,4.6500,9.0000,-0.4000,0.1000,6.1000,13.5600,8.5000,0.4000
20120229,239.0000,53.3000,0.5000,-49460.0000,227.8770,10.1000,101912.0000,0.6800,53486.0000,2.3000,61.6000,227.8420,2.9000,0.3000,77.0674,17.8000,-1.0000,-3.9000,0.1000,17.4000,132.5000,180513.0000,-13113.0000,1.2000,-27407.0000,-8.0000,0.4000,34.5000,142.2000,229973.0000,3.1000,0.7000,3369.0000,155.8181,63.7000,3.2000,36.0000,28.0000,93.9000,358.0000,20908.0000,56.1000,366.0000,10.7000,9.0000,106.9000,4.1200,8.0000,1.1000,0.9000,6.2000,14.0500,8.3000,1.4000
20120402,278.0000,53.4000,0.5000,-50983.0000,228.0340,13.2000,-3477.0000,-0.0300,51728.0000,2.2000,61.7000,228.3290,2.9000,0.2000,77.1238,9.3000,-0.4000,1.5000,0.1000,15.4000,133.1000,180073.0000,87659.0000,-1.3000,-231677.0000,1.0000,-0.2000,34.5000,142.2000,231056.0000,3.8000,0.3000,3725.0000,156.2466,63.8000,3.5000,22.0000,28.0000,94.3000,237.0000,112127.0000,56.0000,236.0000,8.9000,11.1000,107.2000,3.3800,5.0000,1.2000,1.2000,6.7000,14.6500,8.3000,0.1000
20120430,257.0000,53.6000,0.8000,-43570.0000,228.4780,9.1000,102255.0000,-0.5300,37880.0000,2.3000,57.5000,228.8070,2.7000,0.2000,76.4204,-5.5000,-1.0000,1.1000,0.3000,7.6000,134.1000,182640.0000,13163.0000,1.1000,-198157.0000,-4.0000,0.2000,34.4000,144.2000,226210.0000,2.2000,-0.7000,3500.0000,156.6635,63.8000,2.4000,38.0000,24.0000,92.5000,233.0000,7584.0000,55.6000,237.0000,5.6000,12.3000,107.4000,2.8000,10.0000,0.4000,0.4000,6.2000,14.2600,8.2000,1.4000
20120531,128.0000,54.0000,0.4000,-50218.0000,228.9050,14.0000,-41801.0000,0.1100,40559.0000,2.3000,53.0000,229.1870,2.3000,0.2000,76.9375,-4.4000,-0.9000,-1.5000,0.1000,13.6000,134.7000,186316.0000,17480.0000,0.7000,59117.0000,-12.0000,1.0000,34.5000,144.1000,236533.0000,3.5000,0.9000,3831.0000,157.0597,63.7000,3.7000,18.0000,28.0000,94.5000,78.0000,36638.0000,54.4000,90.0000,-0.7000,15.8000,107.6000,1.8300,5.0000,-0.5000,-0.4000,5.2000,14.5100,8.1000,0.3000
20120702,148.0000,53.1000,0.4000,-47254.0000,229.2240,13.5000,20240.0000,-0.2800,61887.0000,2.3000,55.2000,228.7130,1.7000,-0.2000,76.9021,1.2000,-1.0000,-1.5000,0.0000,1.5000,134.0000,185030.0000,46697.0000,-1.2000,-124636.0000,-20.0000,0.6000,34.4000,142.0000,232284.0000,3.5000,0.2000,3643.0000,157.4414,63.8000,3.1000,11.0000,29.0000,94.4000,115.0000,41276.0000,54.4000,135.0000,-12.4000,11.5000,107.6000,0.6200,-3.0000,-0.4000,-0.2000,5.0000,14.1000,8.2000,0.7000
20120731,40.0000,51.1000,0.3000,-45970.0000,229.6230,19.5000,133662.0000,-0.4700,37551.0000,2.2000,54.8000,228.5240,1.7000,-0.1000,76.7649,-18.2000,0.9000,-1.8000,0.3000,2.5000,131.7000,185070.0000,74924.0000,-1.2000,-59741.0000,19.0000,0.6000,34.4000,138.7000,231041.0000,3.3000,0.0000,3694.0000,157.8073,63.8000,3.3000,9.0000,35.0000,91.4000,76.0000,90573.0000,53.7000,57.0000,-12.6000,9.4000,107.3000,0.7300,-7.0000,-0.9000,-0.9000,3.3000,14.1700,8.2000,0.3000
20120831,163.0000,50.0000,0.2000,-43460.0000,229.9700,15.1000,28018.0000,-0.2700,36855.0000,2.1000,54.1000,228.5900,1.4000,0.0000,76.8283,-5.0000,2.4000,-0.9000,0.3000,-2.2000,132.2000,185286.0000,33502.0000,-2.6000,-69604.0000,-17.0000,0.3000,34.4000,137.7000,228746.0000,3.1000,0.3000,3799.0000,158.1551,63.7000,2.6000,28.0000,37.0000,91.2000,143.0000,15200.0000,52.4000,160.0000,-2.3000,11.3000,107.2000,0.5200,-6.0000,0.4000,0.5000,3.8000,14.1600,8.3000,0.5000
20121001,173.0000,50.3000,0.7000,-43370.0000,230.2330,7.2000,81875.0000,-0.6800,32239.0000,1.9000,51.9000,229.9180,1.7000,0.6000,76.3194,-6.8000,-9.9000,-2.2000,-0.1000,-6.4000,133.4000,184336.0000,56380.0000,0.8000,-190533.0000,3.0000,0.2000,34.4000,139.4000,227706.0000,2.1000,-0.5000,3694.0000,158.4940,63.5000,2.1000,-4.0000,40.0000,92.9000,177.0000,80651.0000,53.0000,174.0000,-0.9000,11.2000,107.5000,1.9300,3.0000,1.1000,1.1000,4.8000,14.2100,8.1000,1.0000
20121031,141.0000,51.9000,0.4000,-44107.0000,230.6590,19.1000,52429.0000,0.0100,33816.0000,2.0000,48.3000,231.0150,2.0000,0.5000,76.2728,-3.1000,6.4000,1.2000,0.4000,-3.5000,134.5000,183265.0000,38654.0000,0.7000,75180.0000,9.0000,0.6000,34.4000,140.8000,227372.0000,2.3000,0.1000,3683.0000,158.8308,63.6000,1.8000,-6.0000,41.0000,92.8000,203.0000,93797.0000,54.7000,194.0000,-1.2000,15.1000,108.2000,2.1300,-2.0000,0.7000,0.9000,4.7000,14.8700,7.8000,0.5000
20121130,254.0000,50.5000,0.6000,-40064.0000,231.0240,11.2000,34854.0000,-0.3600,47724.0000,2.0000,48.8000,231.6380,2.2000,0.3000,76.3352,-8.6000,2.0000,2.4000,0.0000,-0.8000,134.6000,188647.0000,-20291.0000,1.2000,-119995.0000,-22.0000,0.4000,34.4000,141.2000,228711.0000,1.8000,0.3000,3521.0000,159.1942,63.7000,0.9000,7.0000,45.0000,93.1000,146.0000,7518.0000,54.2000,168.0000,-10.6000,12.8000,108.3000,2.3500,3.0000,0.1000,0.0000,3.9000,14.5400,7.9000,1.3000
20121231,130.0000,49.0000,0.3000,-43041.0000,231.3300,17.3000,-66169.0000,0.2400,57081.0000,1.9000,51.3000,231.2490,1.8000,-0.2000,76.6302,2.1000,-0.6000,0.4000,0.3000,-6.0000,133.8000,182988.0000,13776.0000,1.2000,-172112.0000,-20.0000,0.6000,34.4000,140.2000,226029.0000,2.5000,0.5000,3708.0000,159.5977,63.6000,2.1000,-11.0000,47.0000,87.5000,132.0000,8160.0000,54.8000,152.0000,2.4000,9.4000,108.4000,1.4600,-2.0000,0.2000,0.4000,5.0000,15.1300,7.8000,-0.1000
20130131,225.0000,50.0000,0.1000,-46667.0000,231.7250,17.2000,22410.0000,0.2500,32556.0000,1.9000,53.4000,231.2210,1.7000,0.0000,76.7233,6.6000,5.5000,-1.3000,0.4000,-7.6000,133.6000,185747.0000,24572.0000,0.0000,-1191.0000,4.0000,0.5000,34.5000,139.4000,232414.0000,2.4000,0.3000,3521.0000,160.0269,63.7000,2.2000,10.0000,47.0000,88.0000,244.0000,54769.0000,55.6000,240.0000,-1.6000,8.4000,108.5000,1.3600,-13.0000,0.3000,0.5000,4.5000,15.2700,7.8000,0.9000
20130228,222.0000,53.1000,0.1000,-38070.0000,232.2440,11.1000,18118.0000,-0.3500,40430.0000,1.9000,55.7000,231.6120,1.6000,0.2000,76.5610,4.2000,-5.2000,2.8000,0.1000,8.9000,134.1000,189591.0000,29928.0000,-0.6000,2886.0000,-15.0000,0.6000,34.4000,140.1000,227661.0000,1.6000,-0.1000,3570.0000,160.4695,63.7000,0.9000,19.0000,46.0000,88.9000,211.0000,64621.0000,55.3000,226.0000,-4.8000,8.6000,108.7000,1.4600,3.0000,0.7000,0.7000,4.3000,15.4200,7.9000,0.1000
20130401,192.0000,54.5000,1.0000,-41043.0000,232.6030,15.3000,93278.0000,0.4200,55356.0000,2.0000,55.3000,232.9850,2.0000,0.6000,76.8584,9.2000,5.5000,-0.3000,0.1000,5.3000,135.1000,188751.0000,31758.0000,1.9000,-203539.0000,19.0000,0.7000,34.5000,141.3000,229794.0000,1.8000,0.5000,3790.0000,160.9102,63.5000,1.1000,21.0000,44.0000,90.8000,286.0000,27406.0000,56.1000,267.0000,2.3000,9.0000,108.9000,1.7600,3.0000,1.1000,1.1000,4.1000,15.5700,7.7000,0.7000
20130430,199.0000,52.4000,0.0000,-42618.0000,232.8000,19.5000,36950.0000,-0.6000,49255.0000,1.9000,50.1000,232.2990,1.5000,-0.3000,76.8899,-15.6000,-7.9000,-3.4000,0.1000,4.2000,134.4000,190448.0000,2296.0000,1.1000,-106530.0000,-22.0000,0.7000,34.5000,141.2000,233066.0000,2.7000,0.1000,3974.0000,161.3409,63.3000,1.4000,2.0000,41.0000,89.5000,130.0000,-14501.0000,55.2000,152.0000,0.6000,7.6000,108.8000,1.1300,-5.0000,-0.7000,-1.0000,2.7000,15.3900,7.6000,-0.3000
20130531,106.0000,50.2000,-0.1000,-35949.0000,232.8370,8.5000,-16858.0000,-0.3400,38121.0000,1.7000,57.4000,231.7950,1.1000,-0.2000,76.7821,-8.9000,4.4000,2.2000,0.3000,-2.1000,133.6000,188248.0000,-11203.0000,-3.5000,112889.0000,2.0000,1.2000,34.4000,140.2000,224197.0000,1.7000,0.0000,3872.0000,161.7682,63.4000,0.4000,3.0000,44.0000,92.1000,197.0000,-29660.0000,53.8000,195.0000,0.5000,9.8000,108.7000,0.5100,-2.0000,-0.3000,0.2000,3.3000,15.4300,7.5000,0.1000
20130701,206.0000,50.0000,0.2000,-38927.0000,233.0640,12.5000,50912.0000,0.0300,36398.0000,1.7000,53.2000,231.9160,1.4000,0.1000,76.7344,5.5000,4.6000,1.2000,0.1000,4.8000,132.9000,189485.0000,-38774.0000,0.2000,-138732.0000,-16.0000,0.5000,34.5000,139.4000,228412.0000,1.6000,0.0000,3951.0000,162.1978,63.4000,1.0000,-2.0000,51.0000,94.4000,226.0000,-22297.0000,54.3000,242.0000,12.9000,9.9000,108.6000,1.6000,7.0000,0.1000,0.2000,3.7000,15.4400,7.6000,0.2000
20130731,255.0000,52.6000,-0.1000,-42839.0000,233.3650,16.3000,62099.0000,-0.1700,39372.0000,1.6000,52.1000,232.3740,1.8000,0.2000,76.8475,2.8000,3.6000,-1.2000,0.4000,4.3000,132.8000,188438.0000,11014.0000,1.1000,116501.0000,-17.0000,0.7000,34.5000,138.8000,231277.0000,1.8000,0.2000,3873.0000,162.6342,63.4000,1.0000,0.0000,56.0000,93.5000,162.0000,-25215.0000,54.0000,179.0000,15.9000,11.0000,109.0000,2.2800,-1.0000,0.0000,0.4000,5.1000,15.7200,7.6000,-0.6000
20130902,165.0000,54.0000,0.1000,-35965.0000,233.8650,11.7000,-35253.0000,-0.8000,37701.0000,1.7000,53.7000,232.8890,2.0000,0.2000,76.3664,5.6000,-9.7000,-0.3000,0.0000,10.7000,132.6000,191198.0000,-40825.0000,-1.2000,-97597.0000,-24.0000,0.7000,34.4000,138.9000,227163.0000,0.9000,-0.6000,3924.0000,163.0748,63.3000,0.1000,-23.0000,58.0000,94.1000,122.0000,-67265.0000,54.9000,146.0000,8.4000,5.1000,109.3000,2.0700,8.0000,0.5000,0.5000,5.1000,15.7700,7.4000,0.1000
20130930,194.0000,55.3000,0.4000,-37670.0000,234.3120,14.7000,43679.0000,0.5000,50462.0000,1.8000,56.8000,233.3230,1.5000,0.2000,76.8914,11.6000,2.0000,-0.6000,0.2000,8.2000,131.9000,190614.0000,24698.0000,1.2000,-147905.0000,19.0000,0.6000,34.5000,139.4000,228284.0000,2.2000,0.7000,3896.0000,163.5068,63.2000,1.2000,36.0000,57.0000,94.1000,261.0000,21461.0000,56.7000,242.0000,19.2000,4.7000,109.3000,1.3800,-1.0000,-0.2000,-0.2000,3.8000,15.7500,7.3000,0.2000
20131031,236.0000,55.4000,0.4000,-38083.0000,234.6580,16.5000,-20414.0000,0.2000,40289.0000,1.7000,62.1000,233.6320,1.2000,0.1000,77.2245,2.1000,3.9000,0.3000,0.2000,5.3000,132.4000,190719.0000,-14329.0000,-0.3000,75114.0000,6.0000,0.5000,34.4000,139.8000,228802.0000,2.5000,0.5000,3968.0000,163.9336,63.2000,1.3000,17.0000,54.0000,93.9000,190.0000,-13335.0000,53.6000,184.0000,12.9000,0.7000,109.4000,0.3100,0.0000,0.5000,0.1000,3.0000,15.4700,7.2000,0.8000
20131202,170.0000,55.4000,0.6000,-41317.0000,234.8920,17.4000,-107546.0000,-0.0900,45730.0000,1.7000,62.3000,233.7180,1.0000,0.0000,77.1443,0.2000,-1.9000,0.2000,0.1000,2.2000,131.6000,190791.0000,28580.0000,-0.1000,-90584.0000,-2.0000,0.5000,34.4000,138.9000,232108.0000,2.2000,-0.1000,3959.0000,164.3618,62.8000,1.6000,21.0000,54.0000,91.6000,212.0000,32331.0000,54.4000,214.0000,4.4000,-1.7000,109.6000,0.3100,9.0000,0.2000,0.5000,3.5000,15.4700,7.3000,0.5000
20131231,192.0000,56.2000,0.8000,-37801.0000,235.3280,17.9000,176683.0000,0.3800,45314.0000,1.7000,59.9000,234.1210,1.2000,0.2000,77.3633,3.4000,5.4000,2.4000,0.2000,2.5000,131.8000,194342.0000,30933.0000,0.0000,-135226.0000,8.0000,0.4000,34.5000,137.7000,232143.0000,2.0000,0.3000,4105.0000,164.7895,63.0000,0.8000,22.0000,57.0000,92.5000,258.0000,25667.0000,53.7000,250.0000,3.2000,-2.0000,109.7000,0.7200,11.0000,0.2000,0.3000,3.4000,16.2100,7.0000,1.1000
20140131,166.0000,56.0000,0.4000,-34851.0000,235.7350,10.4000,-1126.0000,-0.1700,30623.0000,1.7000,58.6000,234.7230,1.5000,0.3000,77.4523,5.7000,-3.3000,-1.8000,0.1000,12.3000,132.3000,195830.0000,-123.0000,1.1000,53220.0000,-26.0000,0.1000,34.3000,137.8000,230681.0000,1.9000,0.2000,3837.0000,165.2209,62.8000,0.1000,7.0000,56.0000,93.9000,47.0000,-28067.0000,52.9000,73.0000,14.9000,-6.0000,109.8000,1.2400,6.0000,0.7000,0.4000,3.3000,15.5000,6.7000,0.9000
20140228,236.0000,52.4000,0.5000,-34813.0000,236.0190,15.2000,-149546.0000,-0.8000,45107.0000,1.6000,61.3000,235.3850,1.6000,0.3000,77.0327,2.1000,-3.2000,2.0000,0.1000,6.1000,132.7000,194591.0000,16853.0000,0.2000,-10250.0000,-14.0000,0.5000,34.4000,138.3000,229405.0000,1.5000,-0.5000,3742.0000,165.6739,63.0000,-0.7000,5.0000,46.0000,94.1000,190.0000,-48037.0000,54.7000,204.0000,3.3000,-8.0000,110.1000,1.2000,-1.0000,-0.4000,-0.9000,1.7000,15.3900,6.6000,0.4000
20140331,191.0000,54.8000,0.4000,-38834.0000,236.2300,15.2000,95105.0000,0.5400,41835.0000,1.6000,60.9000,235.6720,1.1000,0.1000,77.5956,7.1000,3.4000,0.4000,0.4000,3.6000,133.7000,194756.0000,-4587.0000,0.6000,-193532.0000,12.0000,0.6000,34.4000,139.8000,233590.0000,1.8000,0.8000,3980.0000,166.1530,63.0000,-0.2000,22.0000,46.0000,91.4000,151.0000,3729.0000,53.1000,139.0000,13.4000,-9.2000,110.3000,0.9000,-2.0000,1.0000,1.3000,1.9000,15.5900,6.7000,0.5000
20140430,213.0000,55.0000,0.5000,-40825.0000,236.6370,15.5000,159781.0000,0.5400,34399.0000,1.7000,63.6000,235.9780,1.5000,0.1000,78.1222,14.6000,2.2000,1.8000,0.0000,3.5000,134.9000,193829.0000,90455.0000,0.5000,-36895.0000,11.0000,0.4000,34.5000,140.5000,234654.0000,2.4000,0.8000,4101.0000,166.6547,63.2000,0.8000,15.0000,46.0000,93.4000,272.0000,88340.0000,54.1000,261.0000,17.5000,-9.0000,110.6000,1.4000,7.0000,0.7000,1.2000,4.2000,16.5200,6.7000,0.6000
20140602,330.0000,55.3000,0.4000,-40855.0000,237.0810,17.8000,-100943.0000,0.1300,40298.0000,1.8000,66.1000,236.4710,2.0000,0.2000,78.1492,10.5000,1.0000,-1.2000,0.0000,16.3000,133.5000,198000.0000,29854.0000,-0.1000,106853.0000,30.0000,0.4000,34.5000,139.7000,238855.0000,2.6000,0.1000,4167.0000,167.1823,62.8000,1.2000,17.0000,45.0000,95.2000,329.0000,-43738.0000,55.2000,299.0000,19.3000,-9.2000,110.8000,2.1000,7.0000,0.7000,0.8000,4.8000,16.3000,6.3000,0.9000
20140630,225.0000,55.5000,0.6000,-44019.0000,237.5840,26.7000,143302.0000,0.1400,52961.0000,2.0000,63.1000,236.8320,2.1000,0.2000,78.3555,11.4000,-2.2000,0.3000,0.2000,16.4000,133.7000,197463.0000,-10589.0000,-0.4000,-129971.0000,-6.0000,0.3000,34.5000,140.1000,241483.0000,3.0000,0.4000,4569.0000,167.7117,62.8000,1.2000,8.0000,49.0000,96.6000,246.0000,-38218.0000,56.8000,252.0000,14.3000,-6.2000,111.0000,2.0000,4.0000,0.2000,0.2000,4.8000,16.7000,6.3000,0.9000
20140731,235.0000,55.4000,0.5000,-41075.0000,237.8380,19.3000,43235.0000,0.3000,31434.0000,1.9000,51.8000,237.0290,2.1000,0.1000,78.5832,11.4000,2.1000,2.6000,0.3000,19.5000,133.0000,199767.0000,28031.0000,-0.3000,70519.0000,45.0000,0.3000,34.5000,140.5000,240841.0000,3.2000,0.4000,4594.0000,168.2333,62.8000,1.4000,21.0000,53.0000,95.0000,304.0000,19411.0000,56.6000,259.0000,20.7000,-7.1000,111.0000,1.9000,8.0000,0.4000,0.3000,4.7000,16.7800,6.1000,0.3000
20140901,275.0000,55.6000,0.4000,-40740.0000,238.1970,18.4000,-147079.0000,0.2700,46887.0000,1.9000,63.2000,237.4240,2.0000,0.2000,78.5045,7.0000,23.0000,-2.1000,0.0000,17.6000,133.1000,198682.0000,-20766.0000,1.2000,-94621.0000,-24.0000,0.4000,34.5000,140.1000,239422.0000,3.9000,0.1000,4680.0000,168.7727,62.9000,2.8000,13.0000,55.0000,95.7000,202.0000,-19422.0000,57.0000,226.0000,23.0000,-3.1000,111.4000,1.7000,10.0000,-0.2000,0.0000,4.2000,16.5300,6.2000,0.2000
20140930,156.0000,57.9000,0.4000,-39287.0000,238.3800,21.5000,70854.0000,-0.1700,40010.0000,1.7000,61.0000,237.2560,1.7000,-0.1000,78.3373,9.6000,-18.4000,1.8000,0.3000,30.2000,132.4000,199760.0000,-828.0000,-1.7000,-128677.0000,-8.0000,0.4000,34.5000,139.0000,239047.0000,3.1000,0.0000,4648.0000,169.3390,62.9000,1.5000,24.0000,59.0000,96.1000,230.0000,-18646.0000,58.2000,238.0000,20.4000,-2.0000,111.3000,1.8000,15.0000,0.6000,0.7000,5.2000,17.3200,6.1000,0.2000
20141031,253.0000,55.9000,0.1000,-38441.0000,238.7290,16.1000,67334.0000,0.1400,30477.0000,1.7000,60.9000,237.4860,1.7000,0.1000,78.4442,9.0000,-1.2000,0.8000,0.0000,8.4000,131.9000,200088.0000,25704.0000,0.8000,105803.0000,43.0000,0.5000,34.5000,137.9000,238529.0000,3.0000,0.4000,5026.0000,169.9151,62.7000,1.5000,17.0000,54.0000,95.3000,280.0000,52068.0000,57.6000,237.0000,17.7000,1.2000,111.1000,1.6000,15.0000,0.0000,-0.2000,4.8000,16.5200,5.9000,0.7000
20141201,200.0000,57.4000,0.3000,-41687.0000,239.1470,18.1000,-74548.0000,0.2300,51183.0000,1.8000,60.2000,237.5060,1.7000,0.0000,78.3125,8.7000,-0.8000,-2.8000,0.1000,12.0000,130.7000,197974.0000,48139.0000,0.1000,-121713.0000,13.0000,0.2000,34.6000,136.0000,239661.0000,3.1000,0.1000,4625.0000,170.4830,62.8000,1.4000,27.0000,58.0000,96.1000,227.0000,160371.0000,56.1000,214.0000,34.8000,2.7000,111.3000,1.5000,4.0000,0.4000,0.4000,4.8000,16.5800,5.8000,0.2000
20141231,241.0000,57.6000,0.2000,-41024.0000,239.3730,16.3000,183914.0000,0.5200,35940.0000,1.7000,57.7000,237.1180,1.3000,-0.2000,78.8944,2.9000,-1.7000,-1.5000,0.4000,-3.4000,129.5000,200236.0000,539.0000,-1.9000,-56818.0000,10.0000,0.5000,34.6000,133.5000,241260.0000,3.8000,1.0000,4906.0000,171.0262,62.9000,2.4000,23.0000,58.0000,98.1000,312.0000,-1353.0000,58.8000,302.0000,20.3000,4.7000,111.1000,1.4000,6.0000,0.2000,0.4000,4.8000,17.1300,5.8000,0.5000
20150202,284.0000,54.9000,0.2000,-39640.0000,239.5530,16.6000,1390.0000,0.0700,32640.0000,1.6000,58.4000,236.2900,0.8000,-0.3000,78.5767,-3.7000,-1.5000,1.2000,-0.3000,11.8000,128.3000,198567.0000,-4833.0000,-1.3000,1864.0000,15.0000,0.6000,34.6000,130.1000,238207.0000,3.5000,-0.2000,4684.0000,171.5399,62.7000,2.2000,16.0000,57.0000,100.4000,255.0000,33526.0000,56.3000,240.0000,12.5000,7.6000,110.8000,1.1000,5.0000,-0.9000,-0.8000,3.6000,16.9200,5.6000,1.1000
20150302,212.0000,54.3000,0.0000,-43749.0000,239.9100,16.9000,-188010.0000,-0.2100,53041.0000,1.6000,48.1000,234.9130,-0.1000,-0.6000,77.9947,-11.6000,1.8000,-1.2000,0.6000,9.6000,126.1000,197455.0000,-15602.0000,-1.2000,-17546.0000,7.0000,0.7000,34.6000,126.0000,241205.0000,3.4000,-0.5000,4795.0000,172.0198,62.9000,3.0000,8.0000,55.0000,97.9000,234.0000,39194.0000,57.2000,227.0000,12.5000,8.1000,110.1000,0.0000,2.0000,-0.9000,-0.5000,4.0000,16.7200,5.7000,0.2000
20150331,214.0000,53.5000,0.0000,-42057.0000,240.2360,10.2000,34847.0000,-0.4600,50579.0000,1.7000,48.9000,235.4890,0.0000,0.2000,77.7151,-17.7000,-3.4000,-0.7000,0.2000,4.5000,125.9000,191968.0000,-54987.0000,-2.5000,-192350.0000,16.0000,0.2000,34.6000,125.5000,234024.0000,2.5000,-0.1000,5104.0000,172.4778,62.8000,1.5000,7.0000,52.0000,98.0000,238.0000,-10925.0000,57.9000,222.0000,8.6000,12.9000,109.6000,-0.5000,-2.0000,0.0000,-0.5000,2.1000,16.4000,5.5000,0.1000
20150430,187.0000,52.3000,0.2000,-36268.0000,240.7830,15.2000,25252.0000,-0.1000,36594.0000,1.8000,53.6000,235.9890,-0.1000,0.2000,77.2902,-16.0000,6.1000,0.9000,0.3000,-0.8000,125.9000,189852.0000,-6149.0000,0.5000,-52918.0000,-11.0000,0.8000,34.5000,125.3000,226121.0000,1.4000,-0.3000,5124.0000,172.9293,62.7000,1.0000,13.0000,56.0000,95.2000,86.0000,19691.0000,57.3000,97.0000,10.4000,11.5000,109.6000,-0.9000,-6.0000,0.9000,1.6000,2.5000,17.1400,5.5000,0.6000
20150601,179.0000,51.5000,0.1000,-48189.0000,241.3660,21.4000,-149300.0000,0.1300,61582.0000,1.8000,49.6000,236.2010,-0.2000,0.1000,76.9476,-20.9000,-1.5000,-0.3000,0.2000,2.3000,125.1000,190448.0000,8037.0000,0.0000,156709.0000,27.0000,0.3000,34.5000,125.1000,238637.0000,1.0000,-0.2000,5125.0000,173.3734,62.7000,1.2000,2.0000,54.0000,96.9000,262.0000,4875.0000,57.5000,235.0000,8.2000,12.4000,109.6000,-1.1000,2.0000,0.0000,0.0000,1.7000,16.7500,5.4000,0.3000
20150630,234.0000,52.8000,0.4000,-40885.0000,241.6620,21.4000,111788.0000,-0.3000,41034.0000,1.7000,48.4000,236.8910,0.0000,0.3000,76.6165,-7.3000,-3.4000,-1.1000,0.2000,-4.1000,125.7000,191675.0000,6441.0000,0.0000,-84068.0000,20.0000,0.5000,34.5000,126.5000,232560.0000,0.4000,-0.2000,5632.0000,173.8146,62.8000,0.9000,16.0000,60.0000,98.3000,344.0000,58067.0000,56.6000,324.0000,8.1000,9.9000,110.1000,-0.8000,7.0000,0.8000,0.9000,2.4000,17.7000,5.5000,0.1000
20150731,255.0000,53.0000,0.3000,-40170.0000,242.0210,16.5200,127474.0000,-0.0800,44842.0000,1.8000,52.5000,237.4190,0.1000,0.2000,76.3629,-4.9000,5.0000,2.5000,0.0000,0.1000,125.3000,190361.0000,53358.0000,-0.5000,50487.0000,11.0000,0.5000,34.5000,126.6000,230531.0000,-0.2000,-0.2000,5421.0000,174.2662,62.6000,0.3000,1.0000,60.0000,94.1000,206.0000,95634.0000,56.0000,195.0000,2.9000,8.2000,110.4000,-0.5000,10.0000,0.2000,0.1000,2.1000,17.0000,5.3000,0.6000
20150831,256.0000,51.7000,0.7000,-42973.0000,242.4800,27.0200,-116712.0000,0.3600,105696.0000,1.8000,53.1000,237.8760,0.2000,0.2000,76.6989,-16.3000,0.9000,-1.4000,0.3000,-12.0000,124.8000,190347.0000,72010.0000,1.5000,-149187.0000,15.0000,0.2000,34.5000,125.4000,233320.0000,0.3000,0.6000,5189.0000,174.7257,62.6000,0.6000,14.0000,61.0000,95.4000,254.0000,105297.0000,59.0000,239.0000,5.4000,7.1000,110.5000,-0.7000,1.0000,0.7000,0.5000,2.7000,17.5800,5.3000,0.6000
20150930,132.0000,51.0000,0.0000,-39900.0000,242.7540,18.9400,146495.0000,-0.3000,41186.0000,1.8000,47.9000,237.8110,0.2000,0.0000,76.6813,-10.3000,-2.9000,-0.4000,0.4000,-12.2000,123.0000,190106.0000,-28717.0000,-1.7000,-64421.0000,42.0000,0.5000,34.6000,123.2000,230006.0000,0.4000,0.1000,5891.0000,175.1786,62.6000,0.9000,-5.0000,61.0000,95.9000,157.0000,10407.0000,58.6000,115.0000,-4.8000,6.0000,110.3000,-1.0000,-3.0000,0.0000,0.1000,2.1000,17.7900,5.1000,-0.2000
20151102,179.0000,50.1000,0.1000,-44639.0000,243.2490,16.0400,-12946.0000,-0.2400,58877.0000,1.9000,53.5000,237.4670,0.0000,-0.1000,76.4117,-13.8000,-2.7000,-0.4000,0.1000,-10.4000,122.3000,186620.0000,-34966.0000,-1.2000,91064.0000,-16.0000,0.3000,34.5000,121.9000,231259.0000,-0.3000,-0.3000,5445.0000,175.6309,62.4000,0.5000,-1.0000,65.0000,96.1000,100.0000,13845.0000,56.3000,116.0000,-4.9000,3.8000,109.9000,-1.1000,0.0000,-0.4000,0.0000,2.1000,18.0500,5.1000,0.2000
20151130,184.0000,49.6000,0.1000,-41072.0000,243.7190,28.5700,-183200.0000,-0.1400,50504.0000,1.9000,47.4000,237.7920,0.2000,0.1000,76.2522,-5.4000,4.8000,0.6000,0.3000,-9.6000,122.0000,187550.0000,17357.0000,-0.6000,-136549.0000,7.0000,0.8000,34.5000,121.5000,228622.0000,-0.5000,-0.1000,5415.0000,176.0879,62.5000,0.8000,7.0000,62.0000,96.1000,321.0000,29641.0000,58.1000,314.0000,-4.3000,3.8000,109.6000,-1.4000,0.0000,0.0000,-0.3000,1.6000,18.1800,5.0000,0.2000
20151231,207.0000,48.7000,-0.1000,-41600.0000,244.2210,15.6100,73070.0000,-0.4400,30953.0000,2.0000,42.5000,238.1530,0.5000,0.2000,75.7186,-21.6000,-0.9000,-1.2000,0.2000,-7.3000,121.1000,185587.0000,-55153.0000,0.2000,-64549.0000,12.0000,0.4000,34.5000,120.8000,227186.0000,-2.1000,-0.6000,5484.0000,176.5506,62.5000,-0.4000,-7.0000,60.0000,94.8000,272.0000,-14474.0000,55.8000,260.0000,-11.3000,3.0000,109.7000,-1.3000,4.0000,0.2000,0.5000,1.6000,18.2500,5.0000,-0.2000
20160201,238.0000,47.9000,-0.2000,-41122.0000,244.5810,14.0200,-7895.0000,-0.2300,23622.0000,2.1000,55.0000,237.8460,0.7000,-0.1000,75.3680,-34.6000,-3.9000,-0.5000,0.0000,-16.8000,119.8000,183576.0000,38372.0000,-0.9000,-14444.0000,22.0000,0.6000,34.5000,119.3000,224698.0000,-2.3000,-0.4000,5221.0000,177.0181,62.6000,-0.3000,13.0000,61.0000,95.2000,239.0000,34642.0000,55.2000,217.0000,-5.3000,4.7000,109.6000,-1.1000,3.0000,0.5000,0.5000,2.8000,17.5200,5.0000,-0.3000
20160229,184.0000,48.6000,0.1000,-41487.0000,245.2320,21.3800,-102671.0000,0.1200,75114.0000,2.2000,49.3000,238.1060,1.4000,0.1000,75.7203,-31.8000,3.7000,1.5000,0.5000,-14.5000,118.7000,183074.0000,-35905.0000,-0.7000,55163.0000,16.0000,0.4000,34.6000,117.8000,224561.0000,-1.4000,0.5000,5374.0000,177.4463,62.7000,0.4000,28.0000,58.0000,93.9000,126.0000,-29201.0000,54.0000,110.0000,-3.8000,1.2000,110.0000,0.0000,-4.0000,-0.4000,-0.9000,2.8000,17.8900,4.9000,-0.2000
20160331,255.0000,49.7000,-0.1000,-43378.0000,245.8450,14.9000,112876.0000,-0.1700,61599.0000,2.3000,53.1000,237.8080,1.0000,-0.1000,75.6089,-13.6000,-3.3000,-1.5000,0.0000,-1.5000,118.2000,178807.0000,-50409.0000,-0.6000,-192610.0000,16.0000,0.4000,34.4000,117.2000,222185.0000,-1.4000,-0.1000,5713.0000,177.9153,62.9000,0.8000,-12.0000,58.0000,92.9000,237.0000,-12374.0000,54.3000,221.0000,10.6000,0.6000,109.8000,0.0000,17.0000,0.2000,0.4000,3.6000,17.6900,4.9000,-0.2000
20160502,232.0000,51.7000,-0.1000,-45610.0000,246.0620,14.1400,32750.0000,-0.6000,48207.0000,2.2000,50.7000,238.0780,0.9000,0.1000,74.8854,-13.9000,2.0000,0.3000,0.2000,8.4000,118.1000,180741.0000,9905.0000,-0.8000,-108043.0000,36.0000,0.5000,34.4000,117.7000,226351.0000,-2.0000,-0.9000,5566.0000,178.3024,63.0000,0.2000,-20.0000,58.0000,92.6000,225.0000,72032.0000,54.9000,189.0000,-1.2000,1.6000,109.6000,-0.1000,10.0000,0.4000,-0.2000,1.7000,16.6700,5.0000,-0.6000
20160531,109.0000,50.7000,0.3000,-37259.0000,246.5170,28.3800,-96654.0000,-0.0600,64141.0000,2.1000,50.3000,238.9080,1.1000,0.3000,75.1797,-20.8000,3.2000,0.3000,0.3000,-9.0000,118.7000,178543.0000,23628.0000,1.0000,106455.0000,-5.0000,0.8000,34.4000,118.5000,215802.0000,-1.4000,0.4000,5852.0000,178.3024,62.8000,0.0000,1.0000,58.0000,93.6000,153.0000,77317.0000,55.7000,158.0000,-1.5000,3.1000,109.9000,0.0000,0.0000,0.9000,1.2000,3.0000,17.4000,5.0000,0.2000
20160630,58.0000,51.0000,0.1000,-38544.0000,247.0260,13.4000,91877.0000,-0.5400,30157.0000,2.2000,55.5000,239.3620,1.0000,0.2000,75.0679,-18.3000,-2.9000,-0.5000,0.2000,3.7000,120.0000,181570.0000,-74582.0000,0.3000,-52507.0000,26.0000,0.3000,34.4000,119.9000,220115.0000,-1.3000,-0.1000,5643.0000,179.0075,62.6000,-0.2000,-21.0000,60.0000,93.8000,43.0000,-61422.0000,53.6000,17.0000,4.1000,-0.4000,110.1000,-0.1000,-10.0000,0.3000,0.2000,2.2000,17.1700,4.7000,0.7000
20160801,258.0000,52.8000,0.2000,-42189.0000,247.3890,17.9100,-11923.0000,0.0600,38536.0000,2.2000,54.6000,239.8420,1.0000,0.2000,75.4386,-1.3000,-4.3000,-0.3000,0.1000,-0.5000,120.9000,181297.0000,-18295.0000,0.2000,6252.0000,28.0000,0.2000,34.4000,120.7000,223485.0000,-0.6000,0.5000,5582.0000,177.7368,62.7000,0.3000,12.0000,58.0000,94.5000,297.0000,47737.0000,56.1000,269.0000,-0.9000,0.1000,110.6000,0.3000,10.0000,0.8000,0.7000,2.8000,16.8000,4.9000,0.2000
20160831,229.0000,52.3000,0.2000,-45073.0000,247.7050,14.5300,-202949.0000,0.1500,45346.0000,2.2000,51.6000,239.8980,0.8000,0.0000,75.6363,-6.2000,3.6000,1.1000,0.3000,-3.2000,121.1000,182723.0000,-32921.0000,0.4000,-112819.0000,42.0000,0.3000,34.4000,120.8000,227796.0000,-0.9000,0.3000,5535.0000,178.2633,62.8000,-0.2000,12.0000,59.0000,94.6000,291.0000,-8441.0000,54.9000,249.0000,4.3000,1.1000,110.5000,-0.2000,-11.0000,-0.4000,0.1000,2.4000,17.8800,4.9000,0.3000
20160930,141.0000,49.4000,0.0000,-39691.0000,248.3510,17.7800,151497.0000,-0.4100,32188.0000,2.3000,54.0000,240.3890,1.1000,0.2000,75.5445,-3.7000,0.2000,0.0000,0.1000,-1.2000,120.1000,186444.0000,-13100.0000,-0.1000,-107112.0000,33.0000,0.5000,34.3000,120.5000,226134.0000,-1.1000,-0.1000,5973.0000,178.6220,62.8000,-0.5000,-17.0000,65.0000,94.4000,176.0000,94803.0000,51.7000,143.0000,11.6000,0.1000,110.3000,0.0000,-8.0000,0.0000,0.0000,2.2000,17.0000,4.9000,-0.1000
20161031,217.0000,51.7000,0.2000,-40513.0000,248.6460,26.7500,28991.0000,-0.1100,44324.0000,2.2000,51.8000,241.0060,1.5000,0.3000,75.3364,-1.5000,0.3000,0.1000,0.3000,-5.5000,120.5000,188326.0000,-24784.0000,0.3000,33445.0000,26.0000,0.7000,34.4000,120.6000,228839.0000,-1.1000,-0.3000,5491.0000,178.8711,62.9000,-0.2000,-12.0000,63.0000,94.1000,249.0000,41528.0000,56.6000,223.0000,11.1000,1.9000,110.6000,0.7000,-4.0000,0.7000,1.0000,3.3000,17.7600,4.9000,-0.1000
20161130,62.0000,52.0000,0.0000,-36026.0000,249.0110,21.8000,-161326.0000,0.0100,30740.0000,2.1000,57.2000,241.6940,1.6000,0.3000,75.4394,10.2000,5.0000,0.9000,0.4000,2.2000,120.7000,190210.0000,-76586.0000,0.6000,-44192.0000,-8.0000,0.6000,34.4000,121.2000,226236.0000,-0.7000,0.3000,5666.0000,179.3182,62.8000,-0.1000,-5.0000,63.0000,94.9000,124.0000,-31138.0000,54.6000,132.0000,8.7000,1.8000,110.9000,0.8000,4.0000,0.6000,0.7000,4.2000,18.0200,4.8000,0.1000
20170102,226.0000,53.5000,-0.1000,-42577.0000,249.4640,16.1700,15250.0000,-0.1800,26936.0000,2.1000,53.9000,242.1990,1.7000,0.2000,74.8905,17.7000,-4.7000,1.1000,-0.1000,7.6000,120.8000,186398.0000,-63537.0000,0.8000,-136651.0000,-14.0000,0.3000,34.3000,121.1000,228975.0000,-0.3000,-0.3000,5587.0000,179.8313,62.6000,0.2000,0.0000,69.0000,98.4000,164.0000,3335.0000,56.2000,178.0000,19.7000,-0.1000,111.0000,1.3000,8.0000,0.3000,0.2000,3.9000,17.8700,4.6000,-0.1000
20170131,201.0000,54.5000,0.8000,-45484.0000,250.0130,25.2000,14349.0000,0.4100,33627.0000,2.2000,50.3000,242.8210,2.1000,0.3000,75.6000,22.1000,-0.8000,0.9000,0.2000,6.5000,121.3000,185995.0000,-205.0000,0.6000,-27516.0000,5.0000,0.7000,34.4000,121.6000,231478.0000,0.7000,0.6000,5631.0000,180.6893,62.7000,0.5000,18.0000,67.0000,105.8000,155.0000,34436.0000,56.6000,150.0000,23.6000,-0.1000,111.2000,1.6000,12.0000,0.4000,1.0000,4.4000,18.4300,4.7000,1.0000
20170228,261.0000,56.0000,0.4000,-44259.0000,250.7830,14.7600,-65342.0000,-0.0200,45934.0000,2.3000,57.4000,244.1580,2.5000,0.6000,75.5000,24.5000,1.8000,-0.2000,0.2000,18.7000,121.5000,191014.0000,-21872.0000,2.4000,-51257.0000,17.0000,0.4000,34.4000,122.3000,235273.0000,0.2000,-0.1000,5539.0000,181.4725,62.9000,0.6000,11.0000,65.0000,105.9000,238.0000,-12930.0000,56.5000,221.0000,43.3000,0.4000,111.9000,1.6000,17.0000,1.2000,0.6000,6.0000,17.6100,4.8000,1.0000
20170331,249.0000,57.7000,0.3000,-48173.0000,251.3000,10.9000,121171.0000,0.2700,36957.0000,2.2000,57.7000,244.4560,2.7000,0.1000,75.7000,16.9000,2.3000,0.7000,0.3000,16.4000,122.0000,192512.0000,-7174.0000,0.5000,-192044.0000,-2.0000,0.2000,34.3000,122.8000,240685.0000,0.3000,0.1000,5625.0000,181.8096,63.0000,1.0000,26.0000,71.0000,105.3000,219.0000,6324.0000,57.6000,221.0000,32.8000,2.6000,112.2000,2.2000,22.0000,0.0000,-0.3000,5.1000,17.5800,4.7000,-0.2000
20170501,255.0000,57.2000,0.3000,-43557.0000,250.9930,15.2000,19332.0000,0.0800,43310.0000,2.0000,58.3000,243.7520,2.4000,-0.3000,76.1000,16.8000,0.7000,-0.2000,0.2000,5.2000,122.3000,192872.0000,-13475.0000,0.4000,-176232.0000,9.0000,0.8000,34.3000,122.6000,236429.0000,1.5000,0.5000,5743.0000,182.2911,63.0000,0.8000,11.0000,68.0000,104.7000,98.0000,53386.0000,55.2000,89.0000,22.0000,0.8000,112.1000,2.3000,20.0000,0.0000,-0.2000,5.2000,16.6200,4.5000,0.4000
20170531,174.0000,54.8000,0.2000,-45283.0000,251.1700,19.5000,9320.0000,0.5700,36602.0000,1.9000,59.4000,244.1580,2.2000,0.2000,76.7000,17.2000,-0.9000,-0.5000,0.2000,-1.0000,122.3000,191458.0000,24385.0000,0.2000,182428.0000,1.0000,0.7000,34.4000,123.4000,236741.0000,2.1000,1.1000,5785.0000,181.2174,62.9000,1.6000,11.0000,69.0000,104.5000,174.0000,59767.0000,57.5000,173.0000,38.8000,-3.7000,112.7000,2.5000,1.0000,0.4000,0.4000,4.6000,16.8800,4.4000,0.1000
20170630,253.0000,54.9000,-0.2000,-47617.0000,251.3290,8.2000,65766.0000,-0.2600,51692.0000,1.7000,65.7000,243.8460,1.9000,-0.1000,76.6000,15.0000,-1.1000,0.1000,0.2000,19.8000,121.7000,190975.0000,-22500.0000,0.0000,-88426.0000,-9.0000,0.7000,34.4000,122.4000,238592.0000,2.2000,0.0000,6044.0000,181.5501,62.7000,1.4000,-1.0000,67.0000,104.5000,138.0000,1836.0000,56.9000,147.0000,27.6000,-1.7000,112.7000,2.4000,7.0000,-0.3000,-0.3000,3.8000,16.6600,4.3000,-0.4000
20170731,191.0000,57.8000,0.3000,-46391.0000,251.6270,18.3000,54684.0000,0.1600,31105.0000,1.7000,58.9000,243.7900,1.6000,0.0000,76.6000,16.8000,6.4000,0.1000,0.2000,9.8000,121.6000,192021.0000,46367.0000,-0.1000,-90233.0000,37.0000,0.3000,34.5000,122.5000,238413.0000,2.1000,0.4000,5702.0000,181.7774,62.8000,1.3000,12.0000,64.0000,103.6000,231.0000,91926.0000,57.4000,187.0000,19.5000,0.5000,112.8000,2.0000,14.0000,0.1000,0.3000,3.4000,16.7000,4.4000,0.6000
20170831,201.0000,56.3000,0.5000,-43543.0000,251.9100,12.4000,7714.0000,-0.0100,28307.0000,1.7000,58.9000,244.0480,1.7000,0.1000,76.7000,17.0000,-6.8000,0.5000,0.3000,25.2000,122.1000,194946.0000,19732.0000,0.1000,-42939.0000,-13.0000,0.1000,34.5000,122.6000,238489.0000,2.2000,0.2000,6163.0000,182.2796,62.9000,1.2000,26.0000,68.0000,105.2000,189.0000,34420.0000,53.9000,202.0000,18.9000,-1.3000,112.7000,1.9000,14.0000,0.5000,0.6000,4.2000,16.7700,4.3000,0.6000
20171002,228.0000,58.8000,0.3000,-45162.0000,252.5400,17.7000,-8741.0000,-0.1600,33825.0000,1.7000,65.2000,245.0300,1.9000,0.4000,76.1000,21.3000,2.1000,0.8000,0.1000,24.4000,123.0000,193416.0000,-490.0000,0.5000,-107689.0000,24.0000,0.4000,34.4000,122.9000,238578.0000,1.5000,-0.5000,6140.0000,182.5039,62.9000,1.3000,44.0000,64.0000,105.3000,208.0000,1224.0000,55.3000,184.0000,23.8000,-2.8000,112.9000,2.4000,19.0000,0.5000,-0.1000,3.5000,16.1400,4.4000,0.6000
20171031,110.0000,60.8000,0.6000,-44306.0000,252.8600,13.1000,130160.0000,0.3600,32346.0000,1.7000,66.2000,246.3730,2.2000,0.5000,76.4000,27.6000,2.2000,1.1000,0.5000,30.2000,123.9000,193749.0000,17477.0000,0.6000,8034.0000,3.0000,0.8000,34.4000,123.9000,238054.0000,2.1000,0.4000,6090.0000,182.7002,63.1000,1.4000,6.0000,68.0000,103.0000,18.0000,73185.0000,59.8000,15.0000,27.9000,-3.9000,113.4000,2.6000,12.0000,1.2000,1.9000,4.8000,18.5700,4.2000,0.8000
20171130,235.0000,58.7000,0.0000,-44890.0000,253.4280,20.8300,-51336.0000,0.6500,29831.0000,1.8000,63.9000,246.6390,2.0000,0.1000,77.0000,19.4000,-1.2000,0.4000,0.0000,19.4000,123.9000,195928.0000,12735.0000,1.1000,-63214.0000,9.0000,0.3000,34.4000,124.2000,240817.0000,2.9000,0.9000,6093.0000,183.5252,62.7000,2.5000,24.0000,70.0000,103.8000,261.0000,80913.0000,60.1000,252.0000,22.7000,-0.6000,113.9000,2.8000,30.0000,0.1000,0.2000,4.6000,18.1000,4.1000,0.1000
20180101,185.0000,58.2000,-0.1000,-48914.0000,253.7240,20.5000,151151.0000,0.1500,35038.0000,1.7000,67.6000,247.5920,2.2000,0.4000,77.1000,29.7000,1.3000,-0.1000,0.1000,18.0000,124.6000,195782.0000,-22144.0000,1.2000,-138547.0000,13.0000,0.5000,34.5000,125.1000,244696.0000,3.4000,0.2000,5925.0000,184.1167,62.7000,2.4000,31.0000,74.0000,107.5000,252.0000,23242.0000,57.4000,239.0000,26.2000,0.8000,114.4000,3.1000,20.0000,1.0000,0.8000,5.8000,17.4800,4.1000,-0.4000
20180131,242.0000,59.3000,0.4000,-50435.0000,254.4260,28.0000,33802.0000,0.2700,32423.0000,1.8000,65.7000,247.9630,2.1000,0.1000,77.9000,33.4000,2.9000,0.6000,0.4000,17.7000,124.5000,199806.0000,-18825.0000,1.1000,-23190.0000,-6.0000,0.4000,34.5000,125.2000,250241.0000,3.6000,0.9000,5978.0000,184.1579,62.7000,2.4000,21.0000,72.0000,104.9000,160.0000,57523.0000,56.0000,166.0000,22.2000,0.5000,114.3000,2.6000,14.0000,0.4000,0.4000,5.4000,17.9000,4.1000,0.7000
20180228,234.0000,59.1000,0.4000,-53118.0000,255.2870,18.5000,-119272.0000,0.1200,44653.0000,1.8000,61.9000,249.2450,2.1000,0.5000,77.5000,37.2000,-3.7000,-0.3000,0.3000,13.1000,125.7000,203351.0000,-15960.0000,0.9000,49236.0000,4.0000,0.3000,34.3000,126.7000,256469.0000,3.7000,-0.1000,5811.0000,122.0402,62.7000,1.8000,15.0000,72.0000,106.9000,200.0000,27318.0000,59.9000,196.0000,25.8000,-3.8000,114.9000,2.7000,28.0000,0.0000,-0.3000,3.6000,17.1600,4.1000,0.6000
20180402,246.0000,60.8000,0.6000,-56665.0000,255.7500,15.6000,119674.0000,0.8800,35369.0000,1.8000,57.4000,249.6190,2.2000,0.2000,78.1000,21.4000,3.1000,1.2000,0.1000,22.5000,125.9000,200948.0000,8350.0000,0.4000,-215248.0000,6.0000,0.8000,34.5000,126.9000,257612.0000,4.4000,1.1000,6228.0000,122.3386,63.0000,2.5000,32.0000,70.0000,107.6000,326.0000,62081.0000,59.5000,320.0000,22.3000,-4.1000,115.1000,2.8000,15.0000,0.2000,-0.1000,4.0000,17.0800,4.1000,0.9000
20180430,198.0000,59.3000,0.6000,-54963.0000,256.2000,10.9700,52772.0000,0.2600,60357.0000,2.1000,57.6000,249.4620,2.4000,-0.1000,77.4819,21.8000,2.7000,0.5000,0.2000,15.8000,126.3000,205451.0000,43186.0000,0.3000,-208743.0000,2.0000,1.0000,34.5000,126.5000,260414.0000,3.6000,0.5000,6074.0000,122.3870,62.9000,2.5000,21.0000,68.0000,104.7000,155.0000,49040.0000,58.8000,153.0000,23.2000,-2.8000,115.3000,3.0000,2.0000,0.4000,0.7000,5.1000,17.2800,4.1000,0.8000
20180531,170.0000,57.3000,-0.1000,-46693.0000,256.4500,8.7300,-42133.0000,0.5300,36081.0000,2.1000,62.7000,250.0130,2.5000,0.2000,78.2223,26.8000,-1.0000,1.9000,0.2000,20.1000,126.9000,209971.0000,-4923.0000,0.5000,214255.0000,1.0000,0.1000,34.5000,127.1000,256663.0000,3.8000,1.1000,6638.0000,122.7623,62.8000,2.0000,28.0000,70.0000,104.8000,175.0000,64871.0000,56.8000,174.0000,34.4000,-2.1000,115.5000,2.6000,17.0000,0.4000,0.3000,4.8000,17.1300,3.9000,0.2000
20180702,196.0000,58.7000,0.3000,-45512.0000,256.8890,8.5700,236345.0000,-0.4900,31517.0000,2.2000,64.1000,250.5350,2.8000,0.2000,77.5000,36.5000,-0.3000,0.3000,0.3000,25.0000,127.8000,210527.0000,-4776.0000,0.9000,-146796.0000,8.0000,0.4000,34.5000,128.2000,256039.0000,3.0000,-0.8000,6840.0000,123.0945,62.7000,1.4000,23.0000,68.0000,107.8000,268.0000,93992.0000,58.6000,260.0000,19.9000,-2.2000,116.1000,3.1000,21.0000,1.4000,1.2000,6.4000,17.1900,3.8000,0.1000
20180731,178.0000,60.2000,0.3000,-42561.0000,257.3050,22.2300,70152.0000,0.3700,37202.0000,2.3000,65.5000,250.8570,2.9000,0.1000,77.7644,32.3000,0.9000,0.1000,0.2000,22.6000,128.0000,214668.0000,26699.0000,0.8000,-74858.0000,16.0000,0.4000,34.6000,128.2000,257229.0000,3.6000,0.6000,6659.0000,123.2466,62.9000,2.0000,21.0000,68.0000,107.2000,208.0000,45511.0000,59.1000,192.0000,25.7000,-2.4000,116.4000,3.4000,20.0000,0.3000,0.2000,6.1000,17.2400,4.0000,0.3000
20180831,211.0000,58.1000,0.1000,-45739.0000,257.9300,5.4700,267635.0000,0.1800,27122.0000,2.4000,63.6000,251.2860,2.9000,0.2000,77.9009,30.9000,-1.2000,0.2000,0.3000,25.6000,127.4000,213195.0000,-48573.0000,0.4000,-76865.0000,28.0000,0.3000,34.5000,128.1000,258934.0000,4.1000,0.4000,6822.0000,123.6134,62.9000,2.7000,22.0000,67.0000,107.9000,165.0000,-36459.0000,55.7000,137.0000,11.9000,-2.4000,116.4000,3.3000,24.0000,0.8000,0.6000,6.6000,16.7700,3.9000,0.1000
20181001,162.0000,61.3000,0.7000,-50037.0000,258.1410,17.4500,42677.0000,0.2700,38472.0000,2.2000,60.4000,251.8460,2.7000,0.2000,78.5000,28.1000,4.6000,0.3000,0.4000,19.0000,127.3000,211104.0000,18938.0000,0.1000,-214148.0000,19.0000,0.4000,34.4000,127.6000,261141.0000,5.4000,0.8000,7077.0000,123.8851,62.7000,3.3000,11.0000,67.0000,108.8000,286.0000,66658.0000,58.5000,267.0000,22.9000,-2.4000,116.3000,2.8000,29.0000,0.1000,-0.1000,6.4000,16.7200,3.9000,0.6000
20181031,218.0000,59.8000,0.5000,-53309.0000,258.4410,22.8800,108188.0000,0.1700,55285.0000,2.2000,58.4000,251.9940,2.3000,0.1000,78.5000,29.4000,0.8000,0.1000,0.3000,21.1000,127.3000,209445.0000,63131.0000,0.4000,119116.0000,-3.0000,0.3000,34.5000,127.8000,262754.0000,5.6000,0.2000,7293.0000,124.2629,62.7000,3.8000,18.0000,68.0000,107.9000,118.0000,131823.0000,61.6000,121.0000,22.2000,-1.0000,116.5000,2.6000,15.0000,-0.1000,-0.1000,4.2000,17.4400,3.7000,0.9000
